Arable land (% of land area),AG.LND.ARBL.ZS,Afghanistan,AFG,11.9550899120792,11.938240970499,11.938240970499,11.938240970499,11.9367092485372,11.9367092485372,11.9336458046135,11.9321140826517,11.9244554728426,11.903011365377,11.893821033606,11.8386790429801,..,..,..,..
Arable land (% of land area),AG.LND.ARBL.ZS,Albania,ALB,19.6350364963504,21.3138686131387,21.0948905109489,22.2627737226277,22.2262773722628,22.8467153284672,22.7007299270073,22.5948896199247,22.5218969191948,22.4671523936474,22.4489042184649,22.6386856858748,..,..,..,..
Arable land (% of land area),AG.LND.ARBL.ZS,Algeria,DZA,3.15357679679562,3.13636249128788,3.13594263017794,3.14433985237683,3.14601929681661,3.14979804680612,3.14979804680612,3.15168742180087,3.14736293437256,3.13611053361985,3.13304562952138,3.10873571225764,..,..,..,..
Arable land (% of land area),AG.LND.ARBL.ZS,American Samoa,ASM,16.4999997615814,16.4999997615814,15,14.8000001907348,15,15,15,15,15,15,15,15,..,..,..,..
Arable land (% of land area),AG.LND.ARBL.ZS,Andorra,AND,1.70212768493815,1.65957440721228,1.63829783175854,1.6170212563048,1.63829783175854,1.63829783175854,1.63829783175854,1.6170212563048,1.72340426039189,1.72340426039189,1.72340426039189,1.65957440721228,..,..,..,..
Arable land (% of land area),AG.LND.ARBL.ZS,Angola,AGO,2.6469880484479,2.6469880484479,2.72719980749178,2.72719980749178,3.20847036175503,3.28868212079891,3.76995267506216,3.76995267506216,3.93037619314992,3.93037619314992,3.93037619314992,3.93037619314992,..,..,..,..
Arable land (% of land area),AG.LND.ARBL.ZS,Antigua and Barbuda,ATG,9.09090909090909,9.09090909090909,9.09090909090909,9.09090909090909,9.09090909090909,9.09090909090909,9.09090909090909,9.09090909090909,9.09090909090909,9.09090909090909,9.09090909090909,9.09090909090909,..,..,..,..
Arable land (% of land area),AG.LND.ARBL.ZS,Argentina,ARG,12.0209084697207,12.7358232024818,13.3127975766345,12.8845430063325,12.530465635494,13.8784443981598,14.1707683369326,14.5263073274649,14.5062100566743,14.3238729998648,14.3238729998648,14.3238729998648,..,..,..,..
Arable land (% of land area),AG.LND.ARBL.ZS,Armenia,ARM,15.9817351598174,15.9079730908495,15.8798737654906,15.8201613592021,15.7850366665432,15.7534246575342,15.7780123711637,15.7499119738842,15.7428876785048,15.7182999648753,15.6902006395164,15.6796625885663,..,..,..,..
Arable land (% of land area),AG.LND.ARBL.ZS,Aruba,ABW,11.1111111111111,11.1111111111111,11.1111111111111,11.1111111111111,11.1111111111111,11.1111111111111,11.1111111111111,11.1111111111111,11.1111111111111,11.1111111111111,11.1111111111111,11.1111111111111,..,..,..,..
Arable land (% of land area),AG.LND.ARBL.ZS,Australia,AUS,6.43062624474441,6.21103055074652,5.74567512333546,5.72471785793317,5.93780508441482,5.54104890462492,6.2062142847845,6.13266860185101,6.01629720266066,6.11236218320034,6.00419145308046,5.98646389374963,..,..,..,..
Arable land (% of land area),AG.LND.ARBL.ZS,Austria,AUT,16.7195440926602,16.6771609490419,16.6630341319115,16.5782657896707,16.5492020623968,16.5166960960443,16.4678242743351,16.4147092989556,16.4047459560056,16.3796757651011,16.3118161899707,16.2923066545726,..,..,..,..
Arable land (% of land area),AG.LND.ARBL.ZS,Azerbaijan,AZE,22.298571874811,22.281786673149,22.4376418975537,22.513220947157,22.6816096887025,22.7944742623264,22.8132787598183,22.9475682165985,23.2920789973681,23.3054697448495,23.4409590379614,24.1804765936857,..,..,..,..
Arable land (% of land area),AG.LND.ARBL.ZS,"Bahamas, The",BHS,0.699300699300699,0.699300699300699,0.699300699300699,0.699300699300699,0.899100899100899,0.899100899100899,0.799200799200799,0.799200799200799,0.799200799200799,0.799200799200799,0.799200799200799,0.799200799200799,..,..,..,..
Arable land (% of land area),AG.LND.ARBL.ZS,Bahrain,BHR,2.02702702702703,1.95945952389692,1.86666663487752,1.57894743116279,1.78947370303304,2.09973764818998,2.08604965776146,2.07792210888553,2.07792210888553,2.07522704994463,2.05655521989817,2.05655521989817,..,..,..,..
Arable land (% of land area),AG.LND.ARBL.ZS,Bangladesh,BGD,60.7743719751095,60.5362218637167,60.0445571176154,59.9446877160636,59.8909118844588,59.8525005761696,58.9844050088346,58.9229469155719,58.9844050088346,58.9152646539141,59.4010926816855,59.646692486268,..,..,..,..
Arable land (% of land area),AG.LND.ARBL.ZS,Barbados,BRB,30.2325581395349,30.2325581395349,30.2325581395349,30.2325581395349,30.2325581395349,27.906976744186,25.5813953488372,23.2558139534884,22.093023255814,20.9302325581395,18.6046511627907,16.2790697674419,..,..,..,..
Arable land (% of land area),AG.LND.ARBL.ZS,Belarus,BLR,27.3233742543016,27.3040906850665,27.200591424347,27.1858058156727,27.3345823883246,27.2794480039428,27.2485338327337,27.2140357794096,27.4001024171013,27.8958279166199,27.9705174148138,28.0006679504812,..,..,..,..
Arable land (% of land area),AG.LND.ARBL.ZS,Belgium,BEL,27.8401585204756,27.8071334214003,27.7080581241744,27.8731836195509,27.7410832232497,27.5429326287979,27.2457067371202,26.5191545574637,26.9484808454425,26.9815059445178,27.3943196829591,28.0515199608343,..,..,..,..
Arable land (% of land area),AG.LND.ARBL.ZS,Belize,BLZ,3.06882946076282,3.06882946076282,3.06882946076282,3.06882946076282,3.20035072336694,3.28803156510302,3.28803156510302,3.41955282770715,3.41955282770715,3.41955282770715,3.41955282770715,3.41955282770715,..,..,..,..
Arable land (% of land area),AG.LND.ARBL.ZS,Benin,BEN,23.9446612273856,22.1709826179496,22.1709826179496,23.0578219226676,21.7275629655906,22.5257183398368,22.880454061724,23.9446612273856,23.9446612273856,23.9446612273856,23.9446612273856,23.9446612273856,..,..,..,..
Arable land (% of land area),AG.LND.ARBL.ZS,Bermuda,BMU,7.40740738696685,7.40740738696685,7.40740738696685,5.55555567819886,5.55555567819886,5.55555567819886,5.55555567819886,5.55555567819886,5.55555567819886,5.55555567819886,5.55555567819886,5.55555567819886,..,..,..,..
Arable land (% of land area),AG.LND.ARBL.ZS,Bhutan,BTN,4.3812472686539,3.96935763543618,3.57583243166487,2.62350135847539,2.62350135847539,2.63924232659478,2.62874828112943,2.62874828112943,2.62874828112943,2.62874828112943,2.62874828112943,2.62164436242134,..,..,..,..
Arable land (% of land area),AG.LND.ARBL.ZS,Bolivia,BOL,3.51333887196529,3.60472629927075,3.85027231607126,3.93796732207145,4.11151112341918,3.9665835871873,4.00443090556633,4.08197175297702,4.1595126003877,4.12628080864027,4.08843349026124,4.11058801809286,..,..,..,..
Arable land (% of land area),AG.LND.ARBL.ZS,Bosnia and Herzegovina,BIH,20.01953125,20.05859375,19.9609375,19.6875,19.47265625,19.609375,19.62890625,19.58984375,19.70703125,19.6484375,19.9609375,20.0390625,..,..,..,..
Arable land (% of land area),AG.LND.ARBL.ZS,Botswana,BWA,0.42348208141443,0.354666243184585,0.321140578405943,0.492297919644275,0.557584740529,0.457007746193072,0.571700809909481,0.502884971679636,0.488768902299155,0.70403896035149,0.458066462166316,0.458066462166316,..,..,..,..
Arable land (% of land area),AG.LND.ARBL.ZS,Brazil,BRA,8.27420933365558,8.31979363829752,8.18220321746226,8.40498005537117,8.42771238577004,8.41849980976629,8.64701955219702,8.68698059616135,9.18410076883134,9.69198888747975,9.75252867264726,9.68827992830941,..,..,..,..
Arable land (% of land area),AG.LND.ARBL.ZS,British Virgin Islands,VGB,6.66666666666667,6.66666666666667,6.66666666666667,6.66666666666667,6.66666666666667,6.66666666666667,6.66666666666667,6.66666666666667,6.66666666666667,6.66666666666667,6.66666666666667,6.66666666666667,..,..,..,..
Arable land (% of land area),AG.LND.ARBL.ZS,Brunei Darussalam,BRN,0.379506641366224,0.379506641366224,0.569259962049336,0.569259962049336,0.759013282732448,0.759013282732448,0.759013282732448,0.759013282732448,0.94876660341556,0.94876660341556,0.94876660341556,0.94876660341556,..,..,..,..
Arable land (% of land area),AG.LND.ARBL.ZS,Bulgaria,BGR,29.2065537555228,28.8318144159072,28.404382653531,28.4320044194826,28.9793662490789,29.3478260869565,29.9373618275608,30.5545320560059,32.0467943994105,32.1112748710391,32.3295868752015,32.2033898305085,..,..,..,..
Arable land (% of land area),AG.LND.ARBL.ZS,Burkina Faso,BFA,17.9093567251462,17.1783625730994,17.9093567251462,21.9298245614035,20.8333333333333,21.9298245614035,20.8333333333333,21.9298245614035,22.6608187134503,21.9298245614035,21.9298245614035,21.9298245614035,..,..,..,..
Arable land (% of land area),AG.LND.ARBL.ZS,Burundi,BDI,37.2274143302181,35.0467289719626,33.0996884735203,35.0467289719626,36.993769470405,36.993769470405,38.9408099688474,42.8348909657321,46.7289719626168,46.7289719626168,46.7289719626168,46.7289719626168,..,..,..,..
Arable land (% of land area),AG.LND.ARBL.ZS,Cabo Verde,CPV,11.9106699751861,11.9106699751861,11.9106699751861,12.4069478908189,12.4069478908189,12.4069478908189,12.4069478908189,13.6476426799007,13.6476426799007,12.4069478908189,12.4069478908189,12.4069478908189,..,..,..,..
Arable land (% of land area),AG.LND.ARBL.ZS,Cambodia,KHM,20.9607976433265,20.9607976433265,20.9607976433265,20.9607976433265,20.9607976433265,21.5273056877408,21.5273056877408,21.5273056877408,21.5273056877408,21.5273056877408,21.5273056877408,21.5273056877408,..,..,..,..
Arable land (% of land area),AG.LND.ARBL.ZS,Cameroon,CMR,12.6144993759387,12.6144993759387,12.6144993759387,12.6144993759387,12.6144993759387,13.1158638488714,13.1158638488714,13.1158638488714,13.1158638488714,13.1158638488714,13.1158638488714,13.1158638488714,..,..,..,..
Arable land (% of land area),AG.LND.ARBL.ZS,Canada,CAN,4.97783584116584,4.96090068631365,4.9137241835111,4.86654768070855,4.819481146444,4.77230464364145,4.72512814083891,4.74267929132975,4.76023001225599,4.77778116274684,4.79533188367308,4.81288303416393,..,..,..,..
Arable land (% of land area),AG.LND.ARBL.ZS,Cayman Islands,CYM,0.833333345750967,0.833333345750967,0.833333345750967,0.833333345750967,0.833333345750967,0.833333345750967,0.833333345750967,0.833333345750967,0.833333345750967,0.833333345750967,0.833333345750967,0.833333345750967,..,..,..,..
Arable land (% of land area),AG.LND.ARBL.ZS,Central African Republic,CAF,3.09801277729622,3.09801277729622,3.09801277729622,3.09801277729622,3.13011653664644,2.88933834151979,2.88933834151979,2.88933834151979,2.88933834151979,2.88933834151979,2.88933834151979,2.88933834151979,..,..,..,..
Arable land (% of land area),AG.LND.ARBL.ZS,Chad,TCD,3.57369758576874,3.53398983481576,3.4148665819568,3.4148665819568,3.4148665819568,3.57369758576874,3.89135959339263,3.89135959339263,3.89135959339263,3.89135959339263,3.89135959339263,3.89135959339263,..,..,..,..
Arable land (% of land area),AG.LND.ARBL.ZS,Channel Islands,CHI,19.1919196906011,18.1818184007517,17.1717183150366,18.6868696477436,20.7070710233081,21.7171735172917,22.2222235601492,21.7171735172917,21.0606072574426,20.8585872402996,19.6969709375929,19.6969709375929,..,..,..,..
Arable land (% of land area),AG.LND.ARBL.ZS,Chile,CHL,1.9501513573831,1.8156581603222,1.6973041469086,1.76455074543905,1.76186088149783,1.70940853464408,1.7712754052921,1.72554771829139,1.76051594952722,1.73388623083867,1.76589567740966,1.70779468194986,..,..,..,..
Arable land (% of land area),AG.LND.ARBL.ZS,China,CHN,11.956483459743,11.5783504552052,11.5554501633265,11.516145548769,11.4739642229504,11.4207059411877,11.3461443467199,11.2822344086047,11.2609310958997,11.2588007646292,12.6754710595163,12.6648210894303,..,..,..,..
Arable land (% of land area),AG.LND.ARBL.ZS,Colombia,COL,1.82604776926543,1.71662909020815,1.8008111762055,1.64939161784588,1.599819738621,1.58900405588103,1.42947273546643,1.42226228030644,1.51599819738621,1.55763853192598,1.52194680088863,1.52194680088863,..,..,..,..
Arable land (% of land area),AG.LND.ARBL.ZS,Comoros,COM,34.927457210208,34.927457210208,34.927457210208,34.927457210208,34.927457210208,34.927457210208,34.927457210208,34.927457210208,34.927457210208,34.927457210208,34.927457210208,34.927457210208,..,..,..,..
Arable land (% of land area),AG.LND.ARBL.ZS,"Congo, Dem. Rep.",COD,2.95538254559891,2.95538254559891,2.95538254559891,2.97743763922278,2.99508171412188,2.99949273284665,3.08771310734214,3.13182329458989,3.13182329458989,3.13182329458989,3.13182329458989,3.13182329458989,..,..,..,..
Arable land (% of land area),AG.LND.ARBL.ZS,"Congo, Rep.",COG,1.43484626647145,1.43484626647145,1.43484626647145,1.43484626647145,1.46412884333821,1.49341142020498,1.55197657393851,1.55197657393851,1.61054172767204,1.61054172767204,1.61054172767204,1.61054172767204,..,..,..,..
Arable land (% of land area),AG.LND.ARBL.ZS,Costa Rica,CRI,4.11280846063455,4.11280846063455,3.91696043869957,3.91696043869957,4.30865648256953,4.40658049353701,4.5436741088915,4.5436741088915,4.5436741088915,4.545632708647,4.91578535056796,4.84723854289072,..,..,..,..
Arable land (% of land area),AG.LND.ARBL.ZS,Cote d'Ivoire,CIV,8.80503144654088,8.80503144654088,9.11949685534591,9.11949685534591,9.11949685534591,9.11949685534591,9.11949685534591,9.11949685534591,9.11949685534591,9.11949685534591,9.11949685534591,9.11949685534591,..,..,..,..
Arable land (% of land area),AG.LND.ARBL.ZS,Croatia,HRV,15.6004288777698,15.7433881343817,15.2251608291637,15.3806292388676,15.5164400963719,16.1615443962484,16.023945893621,16.1972842104014,15.6611869981069,14.5318086527347,15.0839881269825,15.5825589706934,..,..,..,..
Arable land (% of land area),AG.LND.ARBL.ZS,Cuba,CUB,34.4983089064262,34.1445081274077,33.5682074408117,32.9631726574244,32.3750469748215,31.7925591882751,31.0790452436591,29.4497814662941,30.2859326649755,29.6865987310133,28.9723125473167,28.7387031565444,..,..,..,..
Arable land (% of land area),AG.LND.ARBL.ZS,Curacao,CUW,..,..,..,..,..,..,..,..,..,..,..,..,..,..,..,..
Arable land (% of land area),AG.LND.ARBL.ZS,Cyprus,CYP,13.3116883116883,12.4458874458874,11.8831172133937,8.91774908288733,9.40476206990031,8.93939377425553,9.09090909090909,9.2857146159911,8.62878824209238,8.67748921051686,10.7370128879299,9.15909061184177,..,..,..,..
Arable land (% of land area),AG.LND.ARBL.ZS,Czech Republic,CZE,41.535076365519,41.4498381877023,41.3592233009709,41.2686084142395,41.1650485436893,41.053858104609,40.9632314862765,40.8778971902111,32.3879823879824,32.2325822325822,32.2885636575573,32.2973322973323,..,..,..,..
Arable land (% of land area),AG.LND.ARBL.ZS,Denmark,DNK,54.9611124204572,55.3146358708461,54.3483384397832,56.610888522272,57.2943671930238,57.0586848927646,58.8970068347867,57.5851393188854,57.3374636260121,57.9185520361991,56.0371517027864,56.5610859728507,..,..,..,..
Arable land (% of land area),AG.LND.ARBL.ZS,Djibouti,DJI,0.0431406384814495,0.0560828279687782,0.0647109577221743,0.0517687682348456,0.0560828279687782,0.0690250225988723,0.0862812769628991,0.0862812769628991,0.0862812769628991,0.0862812769628991,0.0862812769628991,0.0862812769628991,..,..,..,..
Arable land (% of land area),AG.LND.ARBL.ZS,Dominica,DMA,6.66666666666667,6.66666666666667,6.66666666666667,6.66666666666667,8,8,8,8,8,8,8,8,..,..,..,..
Arable land (% of land area),AG.LND.ARBL.ZS,Dominican Republic,DOM,16.9737114469054,16.9737114469054,16.9737114469054,16.5597184847858,16.5597184847858,16.5597184847858,16.5597184847858,16.5597184847858,16.5597184847858,16.5597184847858,16.5597184847858,16.5597184847858,..,..,..,..
Arable land (% of land area),AG.LND.ARBL.ZS,Ecuador,ECU,5.21823159929135,4.96456756321469,4.81156385891448,4.97664680302786,4.82928017560823,4.77693680308447,4.6533256207597,4.62191989214874,4.80753744564342,4.09768083510642,4.29779362382856,3.92977935255275,..,..,..,..
Arable land (% of land area),AG.LND.ARBL.ZS,"Egypt, Arab Rep.",EGY,2.57471495303632,2.61690692651565,2.57571952383344,2.65407604600934,2.89718217891406,2.88613190014566,2.82083479833241,2.84193078507208,2.72034755206503,2.65225771400497,2.87867806331307,2.79950777992993,..,..,..,..
Arable land (% of land area),AG.LND.ARBL.ZS,El Salvador,SLV,33.8803088803089,29.1505791505791,30.4054054054054,32.9633204633205,32.7220077220077,32.480694980695,33.3494208494209,34.7007722007722,35.1351351351351,36.003861003861,34.6525096525097,35.5694980694981,..,..,..,..
Arable land (% of land area),AG.LND.ARBL.ZS,Equatorial Guinea,GNQ,4.63458110516934,4.63458110516934,4.63458110516934,4.63458110516934,4.27807486631016,4.27807486631016,4.27807486631016,4.27807486631016,4.27807486631016,4.27807486631016,4.27807486631016,4.27807486631016,..,..,..,..
Arable land (% of land area),AG.LND.ARBL.ZS,Eritrea,ERI,6.13861386138614,6.63366336633663,6.63366336633663,6.63366336633663,6.83168316831683,6.83168316831683,6.83168316831683,6.83168316831683,6.83168316831683,6.83168316831683,6.83168316831683,6.83168316831683,..,..,..,..
Arable land (% of land area),AG.LND.ARBL.ZS,Estonia,EST,13.9608395327428,13.1894308937471,14.1377680536204,14.1023823494449,14.0693565561232,15.2158527954706,14.9186134563355,14.6378862939372,14.6767885898321,15.0448585231194,15.527950310559,16.0110420979986,..,..,..,..
Arable land (% of land area),AG.LND.ARBL.ZS,Eswatini,SWZ,10.3488372093023,10.3488372093023,10.3488372093023,10.3488372093023,10.1744186046512,10.1744186046512,10.1744186046512,10.1744186046512,10.1744186046512,10.1744186046512,10.1744186046512,10.1744186046512,..,..,..,..
Arable land (% of land area),AG.LND.ARBL.ZS,Ethiopia,ETH,12.823,13.396,14.038,13.606,13.948,14.565,15.1932001953125,15.346,15.119,15.119,15.119,15.119,..,..,..,..
Arable land (% of land area),AG.LND.ARBL.ZS,Faroe Islands,FRO,2.1489970407132,2.1489970407132,2.1489970407132,2.1489970407132,2.1489970407132,2.1489970407132,2.1489970407132,2.1489970407132,2.1489970407132,2.1489970407132,2.1489970407132,2.1489970407132,..,..,..,..
Arable land (% of land area),AG.LND.ARBL.ZS,Fiji,FJI,9.30487137383689,9.30487137383689,9.25013683634373,9.25013683634373,9.17350881792644,9.0311986863711,9.0311986863711,9.0311986863711,9.0311986863711,9.0311986863711,9.0311986863711,9.0311986863711,..,..,..,..
Arable land (% of land area),AG.LND.ARBL.ZS,Finland,FIN,7.34265734265734,7.43316563085726,7.42115804916926,7.43369561584814,7.43106301029329,7.41954606392935,7.40564019875613,7.40103358997088,7.31876698034239,7.34081427104587,7.37817132976253,7.39034582606693,..,..,..,..
Arable land (% of land area),AG.LND.ARBL.ZS,France,FRA,33.5628982399734,33.4924040084583,33.3959742632384,33.3640141198201,33.3411854459499,33.4224555249279,33.3744261352931,33.3877559406452,33.431586994476,33.4816281609955,33.7475358408396,33.5233047587298,..,..,..,..
Arable land (% of land area),AG.LND.ARBL.ZS,French Polynesia,PYF,0.819672131147541,0.819672131147541,0.819672131147541,0.819672131147541,0.683060109289617,0.683060109289617,0.683060109289617,0.683060109289617,0.683060109289617,0.683060109289617,0.683060109289617,0.683060109289617,..,..,..,..
Arable land (% of land area),AG.LND.ARBL.ZS,Gabon,GAB,1.26130321729344,1.26130321729344,1.26130321729344,1.26130321729344,1.26130321729344,1.26130321729344,1.26130321729344,1.26130321729344,1.26130321729344,1.26130321729344,1.26130321729344,1.26130321729344,..,..,..,..
Arable land (% of land area),AG.LND.ARBL.ZS,"Gambia, The",GMB,32.1146245059289,28.9525691699605,29.9407114624506,36.7588932806324,42.2924901185771,44.4664031620553,44.4664031620553,43.4782608695652,43.4782608695652,43.4782608695652,43.4782608695652,43.4782608695652,..,..,..,..
Arable land (% of land area),AG.LND.ARBL.ZS,Georgia,GEO,6.76356310260469,6.64843862426248,6.66282918405526,6.60526694488416,6.23111239027198,5.6842711181465,5.43099717796063,5.3245071233271,5.98215588152297,5.26205214652625,5.29140901146972,4.95035256871492,..,..,..,..
Arable land (% of land area),AG.LND.ARBL.ZS,Germany,DEU,34.1323546278243,34.0272998394127,34.0637278802306,34.2253965522187,34.2646510427125,33.9845655105144,34.0687399586872,33.9530613415964,34.0403577161202,34.02407566638,33.9650131735266,33.6701396839936,..,..,..,..
Arable land (% of land area),AG.LND.ARBL.ZS,Ghana,GHA,17.5793267117869,18.4582930473763,18.897776215171,19.7767425507603,20.216225718555,20.3041223521139,20.7436055199086,20.6557088863497,20.6557088863497,20.6557088863497,20.6557088863497,20.6557088863497,..,..,..,..
Arable land (% of land area),AG.LND.ARBL.ZS,Gibraltar,GIB,..,..,..,..,..,..,..,..,..,..,..,..,..,..,..,..
Arable land (% of land area),AG.LND.ARBL.ZS,Greece,GRC,20.4732350659426,20.0465477114042,19.9146625290923,19.8293250581846,19.7595034910784,19.9146625290923,19.7982932505818,19.7051978277735,19.4724592707525,17.2536850271528,16.8425135764158,16.6020170674942,..,..,..,..
Arable land (% of land area),AG.LND.ARBL.ZS,Greenland,GRL,0.00219271531246193,0.00219271531246193,0.00219271531246193,0.00219271531246193,0.00219271531246193,0.00219271531246193,0.00219271531246193,0.00219271531246193,0.00219271531246193,0.00219271531246193,0.00219271531246193,..,..,..,..,..
Arable land (% of land area),AG.LND.ARBL.ZS,Grenada,GRD,5.88235294117647,5.88235294117647,5.88235294117647,5.88235294117647,8.82352941176471,8.82352941176471,8.82352941176471,8.82352941176471,8.82352941176471,8.82352941176471,8.82352941176471,8.82352941176471,..,..,..,..
Arable land (% of land area),AG.LND.ARBL.ZS,Guam,GUM,3.7037037037037,3.7037037037037,1.85185185185185,1.85185185185185,1.85185185185185,1.85185185185185,1.85185185185185,1.85185185185185,1.85185185185185,1.85185185185185,1.85185185185185,1.85185185185185,..,..,..,..
Arable land (% of land area),AG.LND.ARBL.ZS,Guatemala,GTM,13.0645763344532,14.053751399776,14.7069802164987,12.364688316536,11.7631582592618,11.1616270628471,10.5600970055729,9.95856694829871,9.35703632145418,8.71407230116619,8.04404628592759,8.04404628592759,..,..,..,..
Arable land (% of land area),AG.LND.ARBL.ZS,Guinea,GIN,11.1549731401595,11.1916001953443,11.3950838352596,11.598567475175,11.598567475175,11.8020511150903,11.8020511150903,12.209018394921,12.6159856747518,12.6159856747518,12.6159856747518,12.6159856747518,..,..,..,..
Arable land (% of land area),AG.LND.ARBL.ZS,Guinea-Bissau,GNB,9.95732574679943,9.95732574679943,9.95732574679943,9.95732574679943,9.95732574679943,10.6685633001422,10.6685633001422,10.6685633001422,10.6685633001422,10.6685633001422,10.6685633001422,10.6685633001422,..,..,..,..
Arable land (% of land area),AG.LND.ARBL.ZS,Guyana,GUY,2.13360426720853,2.13360426720853,2.13360426720853,2.13360426720853,2.13360426720853,2.13360426720853,2.13360426720853,2.13360426720853,2.13360426720853,2.13360426720853,2.13360426720853,2.13360426720853,..,..,..,..
Arable land (% of land area),AG.LND.ARBL.ZS,Haiti,HTI,32.656023222061,32.656023222061,38.0986937590711,36.2844702467344,37.2398387537986,39.9129172714078,38.4615384615385,36.2844702467344,38.8243831640058,38.8243831640058,38.8243831640058,38.8243831640058,..,..,..,..
Arable land (% of land area),AG.LND.ARBL.ZS,Honduras,HND,9.38421664134418,9.38421664134418,9.38421664134418,9.09822146751274,9.1160961658772,9.1160961658772,9.1160961658772,9.1160961658772,9.1160961658772,9.1160961658772,9.1160961658772,9.1160961658772,..,..,..,..
Arable land (% of land area),AG.LND.ARBL.ZS,"Hong Kong SAR, China",HKG,4.76190476190476,3.80952380952381,3.80952380952381,3.80952380952381,3.80952380952381,3.33333333333333,3.33333333333333,2.95238086155483,2.95238086155483,2.95238086155483,2.95238086155483,2.85714285714286,..,..,..,..
Arable land (% of land area),AG.LND.ARBL.ZS,Hungary,HUN,51.3447159915188,51.3000781162817,51.2442807722352,51.1661644905703,50.6461946316138,48.5143046503921,48.5474428366287,48.5695349607865,47.6748039323981,47.7410803048713,47.763172429029,47.763172429029,..,..,..,..
Arable land (% of land area),AG.LND.ARBL.ZS,Iceland,ISL,1.28678304239401,1.28678304239401,1.24688279301746,1.24688279301746,1.23690773067332,1.22693266832918,1.21895258801239,1.20897752566825,1.20897752566825,1.20897752566825,1.2069825436409,1.2069825436409,..,..,..,..
Arable land (% of land area),AG.LND.ARBL.ZS,India,IND,53.6272488471978,53.3642316838144,53.1489746703036,53.1398935150461,53.1160134401098,52.8082631786061,52.7981730060978,52.6525381828945,52.617558918199,52.6246220389548,52.6246220389548,52.6246220389548,..,..,..,..
Arable land (% of land area),AG.LND.ARBL.ZS,Indonesia,IDN,12.6663612225859,11.8681585585983,12.1441622460076,12.5305674083806,13.0273740457173,13.0273740457173,12.9721733082354,12.9721733082354,12.9721733082354,12.9721733082354,12.9721733082354,12.9721733082354,..,..,..,..
Arable land (% of land area),AG.LND.ARBL.ZS,"Iran, Islamic Rep.",IRN,10.1506667649009,10.2538127164223,10.3569586679437,9.54407033571551,9.55696357965569,9.44890591615708,9.34084825265846,9.23279058915985,9.01728922615978,9.01728922615978,9.01728922615978,9.01728922615978,..,..,..,..
Arable land (% of land area),AG.LND.ARBL.ZS,Iraq,IRQ,11.8892470905641,10.9746896220591,11.3176486727485,9.14557468504927,8.40394179406889,9.20979922637686,9.90053416835513,9.94312948977712,10.6276257623827,11.5611061937467,11.5173403006044,11.5173403006044,..,..,..,..
Arable land (% of land area),AG.LND.ARBL.ZS,Ireland,IRL,17.1868195674263,16.7368268253738,15.3868485992161,15.9820002903179,15.8078095514588,14.675569748875,15.415880389026,16.9835970387574,16.1561910291769,15.3578168094063,6.57570039192916,6.47408912759472,..,..,..,..
Arable land (% of land area),AG.LND.ARBL.ZS,Isle of Man,IMN,31.2456130981446,49.0526299727591,48.2807025574802,47.8596503274482,44.9473698933919,44.5263143171344,43.8070163392184,37.719298245614,38.4210519623339,38.7719304938065,40.7017557244553,41.2280701754386,..,..,..,..
Arable land (% of land area),AG.LND.ARBL.ZS,Israel,ISR,14.3715341959335,14.0018484288355,14.1312378832241,13.8493536140033,14.0619218018932,13.5674679345433,13.6645107304543,13.6229199534644,13.2070234654792,13.8863216266174,13.7338268117852,13.6321626617375,..,..,..,..
Arable land (% of land area),AG.LND.ARBL.ZS,Italy,ITA,26.4499898007751,25.0764941864418,24.3795471544163,25.4912626640375,23.7335962466853,23.9409804854831,22.84626368396,24.1993608485755,23.2100360372612,22.8734616169171,22.4416944312232,22.4450941728429,..,..,..,..
Arable land (% of land area),AG.LND.ARBL.ZS,Jamaica,JAM,11.8190212373038,11.8190212373038,11.5420129270545,11.0803324099723,11.0803324099723,11.0803324099723,11.0803324099723,11.0803324099723,11.0803324099723,11.0803324099723,11.0803324099723,11.0803324099723,..,..,..,..
Arable land (% of land area),AG.LND.ARBL.ZS,Japan,JPN,11.9615912208505,11.9149519890261,11.8683127572016,11.8189300411523,11.7805212620027,11.7459882046359,11.6690211353568,11.6469168312486,11.624972569673,11.5810840465218,11.5344524906737,11.4768488040377,..,..,..,..
Arable land (% of land area),AG.LND.ARBL.ZS,Jordan,JOR,2.09655485040798,2.1532184950136,1.58998190221847,1.69424297370807,2.261770703444,2.00045062067488,1.97792302436941,2.44424419914395,2.60193737328227,2.67515206127506,2.56701953026001,2.67244868784451,..,..,..,..
Arable land (% of land area),AG.LND.ARBL.ZS,Kazakhstan,KAZ,10.5798054529207,10.5996962625477,10.6090303436493,10.5640629630144,10.6005108785235,10.6248104534763,10.8088304661166,10.8650961217913,10.8881354293996,10.8882468422417,10.8882468422417,10.8882468422417,..,..,..,..
Arable land (% of land area),AG.LND.ARBL.ZS,Kenya,KEN,9.24904241487156,9.32986611378571,9.31229574445655,9.31229574445655,9.66370313103982,9.66370313103982,10.1908142109147,10.3665179042063,10.1908142109147,10.1908142109147,10.1908142109147,10.1908142109147,..,..,..,..
Arable land (% of land area),AG.LND.ARBL.ZS,Kiribati,KIR,2.46913580246914,2.46913580246914,2.46913580246914,2.46913580246914,2.46913580246914,2.46913580246914,2.46913580246914,2.46913580246914,2.46913580246914,2.46913580246914,2.46913580246914,2.46913580246914,..,..,..,..
Arable land (% of land area),AG.LND.ARBL.ZS,"Korea, Dem. People’s Rep.",PRK,19.5166514409102,19.5166514409102,19.5166514409102,19.9318993439083,19.9318993439083,19.9318993439083,19.5166514409102,19.5166514409102,19.5166514409102,19.5166514409102,19.5166514409102,19.5166514409102,..,..,..,..
Arable land (% of land area),AG.LND.ARBL.ZS,"Korea, Rep.",KOR,16.9643779039752,16.7113955408753,16.4775072224515,16.1356840911434,15.8252627240882,15.5041152263374,15.3102171005247,15.6427905782744,15.3531922567029,15.1493379862465,15.0289907127097,14.5760028625023,..,..,..,..
Arable land (% of land area),AG.LND.ARBL.ZS,Kosovo,XKX,..,..,27.5558004960044,..,..,..,..,..,..,..,..,..,..,..,..,..
Arable land (% of land area),AG.LND.ARBL.ZS,Kuwait,KWT,0.617283950617284,0.617283950617284,0.634118978155718,0.634118978155718,0.589225589225589,0.561167227833894,0.589225589225589,0.561167227833894,0.650954005694147,0.5331088664422,0.432098754728683,0.448933782267116,..,..,..,..
Arable land (% of land area),AG.LND.ARBL.ZS,Kyrgyz Republic,KGZ,6.69447340980188,6.69290902592221,6.67361835245047,6.67101147028154,6.65276329509906,6.65380579338832,6.65224204595443,6.65589142641262,6.66684020423295,6.67674648376402,6.67883211678832,6.71532846715329,..,..,..,..
Arable land (% of land area),AG.LND.ARBL.ZS,Lao PDR,LAO,4.98266897746967,5.19930675909879,5.37261698440208,5.5892547660312,5.89254766031196,6.06585788561525,6.18717504332756,6.28249566724437,6.45147313691508,6.60745233968804,6.60745233968804,6.60745233968804,..,..,..,..
Arable land (% of land area),AG.LND.ARBL.ZS,Latvia,LVA,17.5573989139833,19.3742359810896,19.100906510817,18.8114988364106,18.7841749758765,18.8464010282776,18.6173633440514,18.9449983917658,19.4243447499598,19.4435509810228,19.7780644713434,20.7140559665487,..,..,..,..
Arable land (% of land area),AG.LND.ARBL.ZS,Lebanon,LBN,13.8514171014899,13.2942326490714,13.1182792715779,12.0234604105572,12.0234604105572,11.1436950146628,12.2189638318671,12.9032258064516,12.9032258064516,12.9032258064516,12.9032258064516,12.9032258064516,..,..,..,..
Arable land (% of land area),AG.LND.ARBL.ZS,Lesotho,LSO,10.6389986824769,9.9802371541502,10.7048748353096,11.7918313570487,11.034255599473,10.6060606060606,10.1449275362319,9.26548049383956,8.17193695993136,8.96903780609252,7.21343873517787,11.5942028985507,..,..,..,..
Arable land (% of land area),AG.LND.ARBL.ZS,Liberia,LBR,4.15282392026578,4.15282392026578,4.15282392026578,4.46428571428571,4.87956810631229,4.98338870431894,5.19102990033223,5.19102990033223,5.19102990033223,5.19102990033223,5.19102990033223,5.19102990033223,..,..,..,..
Arable land (% of land area),AG.LND.ARBL.ZS,Libya,LBY,0.994578128374462,0.994578128374462,0.994578128374462,0.994578128374462,0.994578128374462,0.975254896166043,0.975254896166043,0.977528217602328,0.977528217602328,0.977528217602328,0.977528217602328,0.977528217602328,..,..,..,..
Arable land (% of land area),AG.LND.ARBL.ZS,Liechtenstein,LIE,24.3750005960464,23.7499997019768,23.7499997019768,23.7499997019768,21.875,20.6249997019768,18.75,18.75,16.2499994039536,14.4999995827675,13.5000005364418,13.5000005364418,..,..,..,..
Arable land (% of land area),AG.LND.ARBL.ZS,Lithuania,LTU,30.4164007657945,29.9744742952797,29.2852580661445,29.7008376545672,32.7674503577484,33.9433570377942,34.8741102407478,36.0675883974575,36.5456721180694,37.5131676164706,34.6671971643057,34.203889257236,..,..,..,..
Arable land (% of land area),AG.LND.ARBL.ZS,Luxembourg,LUX,24.6913580246914,24.6913580246914,25.1028806584362,25.5144032921811,25.4197532747999,25.4938274744607,25.5637855686769,25.7448565322185,25.6995887913331,25.7654323499389,25.8436210852101,25.4567903746303,..,..,..,..
Arable land (% of land area),AG.LND.ARBL.ZS,"Macao SAR, China",MAC,..,..,..,..,..,..,..,..,..,..,..,..,..,..,..,..
Arable land (% of land area),AG.LND.ARBL.ZS,Madagascar,MDG,5.15871651133198,5.15871651133198,5.15871651133198,5.50263094542078,6.01850259655398,6.01850259655398,6.01586469460893,6.01586469460893,6.01581299415607,6.01581299415607,6.01581299415607,6.01581299415607,..,..,..,..
Arable land (% of land area),AG.LND.ARBL.ZS,Malawi,MWI,33.9414509970301,35.0021213406873,31.8201103097157,36.5931268561731,37.1234620280017,39.2448027153161,38.1841323716589,39.7751378871447,40.3054730589733,40.3054730589733,40.3054730589733,40.3054730589733,..,..,..,..
Arable land (% of land area),AG.LND.ARBL.ZS,Malaysia,MYS,2.88969707242286,2.70948109026642,2.51772945429016,2.64921632754242,2.5719068634911,2.60021302021905,2.63460653047006,2.64312897401937,2.44315937363272,2.44711611626845,2.51197686062576,2.68452290366763,..,..,..,..
Arable land (% of land area),AG.LND.ARBL.ZS,Maldives,MDV,10,10,10,13.3333333333333,13.3333333333333,13.0000003178914,13.0000003178914,13.0000003178914,13.0000003178914,13.0000003178914,13.0000003178914,13.0000003178914,..,..,..,..
Arable land (% of land area),AG.LND.ARBL.ZS,Mali,MLI,4.59190781763496,4.65255411042543,4.7599144395545,4.72139584818758,5.12657856755403,5.13116809677181,5.6228947950729,5.6228947950729,5.25409977134708,5.25409977134708,5.25409977134708,5.25409977134708,..,..,..,..
Arable land (% of land area),AG.LND.ARBL.ZS,Malta,MLT,25.6249994039536,25,25,25,25,28.3749997615814,28.3749997615814,28.125,28.031250834465,28.031250834465,28.031250834465,28.3437490463257,..,..,..,..
Arable land (% of land area),AG.LND.ARBL.ZS,Marshall Islands,MHL,11.1111111111111,11.1111111111111,11.1111111111111,11.1111111111111,11.1111111111111,11.1111111111111,11.1111111111111,11.1111111111111,11.1111111111111,11.1111111111111,11.1111111111111,11.1111111111111,..,..,..,..
Arable land (% of land area),AG.LND.ARBL.ZS,Mauritania,MRT,0.388085766954497,0.388085766954497,0.388085766954497,0.388085766954497,0.378383622780634,0.436596487823809,0.388085766954497,0.388085766954497,0.436596487823809,0.436596487823809,0.436596487823809,0.436596487823809,..,..,..,..
Arable land (% of land area),AG.LND.ARBL.ZS,Mauritius,MUS,41.871921182266,40.8866995073892,39.9014778325123,39.4088669950739,39.4088669950739,39.4088669950739,38.423645320197,37.4384236453202,36.9458128078818,36.9458128078818,36.9458128078818,36.9458128078818,..,..,..,..
Arable land (% of land area),AG.LND.ARBL.ZS,Mexico,MEX,11.983847321176,12.0183132282209,12.098562205818,12.0116258134211,11.9606985776383,12.0923892075413,11.8197484503202,11.9087425088094,12.0265438925898,11.9879626533604,11.8449548599501,11.6062655932509,..,..,..,..
Arable land (% of land area),AG.LND.ARBL.ZS,"Micronesia, Fed. Sts.",FSM,3.57142857142857,3.57142857142857,3.57142857142857,3.57142857142857,2.85714285714286,2.85714285714286,2.85714285714286,2.85714285714286,2.85714285714286,2.85714285714286,2.85714285714286,2.85714285714286,..,..,..,..
Arable land (% of land area),AG.LND.ARBL.ZS,Moldova,MDA,55.7312252964427,55.3359683794466,55.3967771359076,55.3663727576771,55.2447552447552,55.1902587519026,55.1293759512938,55.203895313451,55.2311435523114,55.278369333739,55.44099830943,55.557921825118,..,..,..,..
Arable land (% of land area),AG.LND.ARBL.ZS,Monaco,MCO,..,..,..,..,..,..,..,..,..,..,..,..,..,..,..,..
Arable land (% of land area),AG.LND.ARBL.ZS,Mongolia,MNG,0.44735961276037,0.448003295656428,0.452509075928834,0.536831535312444,0.400370761348129,0.395221298179665,0.393290249491491,0.416462833749582,0.364582008042215,0.365096946501603,0.365096946501603,0.365096946501603,..,..,..,..
Arable land (% of land area),AG.LND.ARBL.ZS,Montenegro,MNE,..,12.9368029739777,12.9368029739777,12.8624535315985,12.8624535315985,12.7881040892193,12.8624535315985,12.7881040892193,0.579925664738651,0.649070597935787,0.646840134517854,0.669144981412639,..,..,..,..
Arable land (% of land area),AG.LND.ARBL.ZS,Morocco,MAR,18.1985211740981,18.068563746359,18.0708043916648,18.0416760026888,18.0138922197093,17.3186193248656,17.4855474001512,18.0304727761595,18.2164463365449,18.2164463365449,18.2164463365449,18.2164463365449,..,..,..,..
Arable land (% of land area),AG.LND.ARBL.ZS,Mozambique,MOZ,6.35824919250235,6.23108420865231,6.61257916020245,6.86690912790254,6.99407411175259,7.18482158752766,7.18482158752766,7.18482158752766,7.18482158752766,7.18482158752766,7.18482158752766,7.18482158752766,..,..,..,..
Arable land (% of land area),AG.LND.ARBL.ZS,Myanmar,MMR,15.3958001714216,15.8170994842916,16.1846615252785,16.3689519523656,16.5222715444666,16.5493065548174,16.5102787429779,16.460231187323,16.4941507931647,16.500275617076,16.6794267164819,16.7023948061493,..,..,..,..
Arable land (% of land area),AG.LND.ARBL.ZS,Namibia,NAM,0.988716005295825,0.987501366468681,0.971711061715799,0.971711061715799,0.971711061715799,0.971711061715799,0.971711061715799,0.971711061715799,0.971711061715799,0.971711061715799,0.971711061715799,0.971711061715799,..,..,..,..
Arable land (% of land area),AG.LND.ARBL.ZS,Nauru,NRU,..,..,..,..,..,..,..,..,..,..,..,..,..,..,..,..
Arable land (% of land area),AG.LND.ARBL.ZS,Nepal,NPL,15.9051273107778,15.765608650157,15.6260899895361,15.4865713289152,15.3470526682944,15.2075340076735,15.0868500256148,14.7750261597489,14.7471224276247,14.7450293070937,14.7450293070937,14.7450293070937,..,..,..,..
Arable land (% of land area),AG.LND.ARBL.ZS,Netherlands,NLD,32.9087677725119,31.6883900719233,31.3921815411176,31.5936011725693,31.2688986413246,30.3172242984269,29.8339264531435,29.982206405694,30.8222031586245,31.0181062629861,30.6619174829326,30.5135054912437,..,..,..,..
Arable land (% of land area),AG.LND.ARBL.ZS,New Caledonia,NCL,0.371991257698844,0.371991257698844,0.371991257698844,0.371991257698844,0.371991257698844,0.371991257698844,0.355579868708972,0.328227571115974,0.3391684797191,0.341356661439724,0.341356661439724,0.341356661439724,..,..,..,..
Arable land (% of land area),AG.LND.ARBL.ZS,New Zealand,NZL,1.61406706923398,1.51532414264555,1.6368538984467,1.72040560555999,1.78876609319813,1.89510462952414,1.78876609319813,1.93308267821199,2.07739926322586,2.24070487258365,2.27108731153393,2.16474877520793,..,..,..,..
Arable land (% of land area),AG.LND.ARBL.ZS,Nicaragua,NIC,16.6195778627223,15.4562074123317,14.9576200764501,14.1266411833139,13.7111517367459,12.7222868539139,12.4896127638358,12.7305966428453,12.4979225527672,12.4979225527672,12.4979225527672,12.4979225527672,..,..,..,..
Arable land (% of land area),AG.LND.ARBL.ZS,Niger,NER,11.1494434356991,11.1604957764269,11.7825846688245,11.7786374042788,11.7628483460962,11.9207389279229,12.3154653824899,12.5523012552301,13.2628088734507,13.2628088734507,13.2628088734507,13.2628088734507,..,..,..,..
Arable land (% of land area),AG.LND.ARBL.ZS,Nigeria,NGA,39.5269936427419,40.4053712792472,40.6249656883736,39.5269936427419,35.135105460215,36.2330775058467,37.3310495514784,38.4290215971101,37.3310495514784,37.3310495514784,37.3310495514784,37.3310495514784,..,..,..,..
Arable land (% of land area),AG.LND.ARBL.ZS,North Macedonia,MKD,17.6169878096736,17.26307510814,17.0828378913991,16.8053904082442,16.6534496431404,16.4155432196669,16.4155432196669,16.4155432196669,16.375892149088,16.3362410785091,16.4155432196669,16.4948453608247,..,..,..,..
Arable land (% of land area),AG.LND.ARBL.ZS,Northern Mariana Islands,MNP,2.17391304347826,2.17391304347826,2.17391304347826,2.17391304347826,2.17391304347826,2.17391304347826,2.17391304347826,2.17391304347826,2.17391304347826,2.17391304347826,2.17391304347826,2.17391304347826,..,..,..,..
Arable land (% of land area),AG.LND.ARBL.ZS,Norway,NOR,2.36006624852437,2.34911466500454,2.3343299604096,2.31379574130991,2.28581452562852,2.26040677165072,2.23959882980619,2.2228977317816,2.21237763916035,2.2134458124611,2.21059751748902,2.20509249665326,..,..,..,..
Arable land (% of land area),AG.LND.ARBL.ZS,Oman,OMN,0.0904684975767367,0.0840064620355412,0.0904684975767367,0.0969305331179321,0.119547657512116,0.110823907066431,0.119224560665198,0.108885301334215,0.121809372416606,0.121163166397415,0.168529886421364,0.181292409080296,..,..,..,..
Arable land (% of land area),AG.LND.ARBL.ZS,Pakistan,PAK,39.1370900788709,39.3316728933167,39.1500622665006,38.2160647571606,38.1641760066418,38.1252594437526,39.0462847654628,39.227895392279,39.5262557077626,39.4873391448734,39.4354503943545,40.2656704026567,..,..,..,..
Arable land (% of land area),AG.LND.ARBL.ZS,Palau,PLW,2.17391304347826,2.17391304347826,2.17391304347826,2.17391304347826,2.17391304347826,2.17391304347826,2.17391304347826,2.17391304347826,2.17391304347826,2.17391304347826,2.17391304347826,2.17391304347826,..,..,..,..
Arable land (% of land area),AG.LND.ARBL.ZS,Panama,PAN,7.37153618509551,7.26392251815981,7.26392251815981,7.26392251815981,7.26392251815981,7.65254256992787,7.60021522733387,7.57331181059995,7.57331181059995,7.57331181059995,7.57331181059995,7.57331181059995,..,..,..,..
Arable land (% of land area),AG.LND.ARBL.ZS,Papua New Guinea,PNG,0.529965110630217,0.552046990239809,0.552046990239809,0.662456388287771,0.662456388287771,0.662456388287771,0.662456388287771,0.662456388287771,0.662456388287771,0.662456388287771,0.662456388287771,0.662456388287771,..,..,..,..
Arable land (% of land area),AG.LND.ARBL.ZS,Paraguay,PRY,8.7087842939844,8.9353133652152,9.16184243644601,9.45633022904606,10.1182985149761,10.4329222250189,10.8356405738736,11.1125094387113,11.5781525295746,12.0815504656431,12.0815504656431,12.0815504656431,..,..,..,..
Arable land (% of land area),AG.LND.ARBL.ZS,Peru,PER,3.0703125,3.109375,3.1328125,3.1484375,3.23046875,3.19140625,3.1484375,3.246875,3.27734375,2.8125,2.46484375,2.740625,..,..,..,..
Arable land (% of land area),AG.LND.ARBL.ZS,Philippines,PHL,16.7857262635409,17.288794982728,17.7415568299963,18.2781634637958,18.4458530368582,17.7750947446088,18.2781634637958,18.7141563537579,18.7476942683704,18.7476942683704,18.7476942683704,18.7476942683704,..,..,..,..
Arable land (% of land area),AG.LND.ARBL.ZS,Poland,POL,39.6337283321908,40.3760773047793,38.5968921389397,39.3176624224616,39.3953245396369,35.3565365025467,36.2407340887568,35.6769642740513,35.2437869436008,35.6902576831379,35.5563538979065,35.291812273425,..,..,..,..
Arable land (% of land area),AG.LND.ARBL.ZS,Portugal,PRT,14.2720013221548,13.575379799217,12.5532961626763,13.3400017594567,13.1125666608664,12.5294240232456,12.3023257946419,12.2701162385529,12.4284436693982,12.2999035330321,12.3059080660947,10.6835174794543,..,..,..,..
Arable land (% of land area),AG.LND.ARBL.ZS,Puerto Rico,PRI,7.4633592951795,7.38444193912063,7.31679836819379,6.82074408117249,6.22322443776094,6.4036075802774,6.59526493799324,6.77564808050971,6.8771138669673,6.8771138669673,6.8771138669673,6.8771138669673,..,..,..,..
Arable land (% of land area),AG.LND.ARBL.ZS,Qatar,QAT,0.999138706414272,1.11972437553833,1.11972437553833,1.24547803946141,1.08527135068645,1.18260116642862,1.06029288713322,1.16106800536058,1.32644268893457,1.3006029613669,1.31782947379284,1.23169682952066,..,..,..,..
Arable land (% of land area),AG.LND.ARBL.ZS,Romania,ROU,39.0686146621445,38.8685972693278,37.7354386880682,37.9338842975207,38.2030774580544,39.7565746576831,39.0798105747925,38.2488479262673,38.0211276789984,38.1519471488178,38.1519471488178,37.3000695410292,..,..,..,..
Arable land (% of land area),AG.LND.ARBL.ZS,Russian Federation,RUS,7.4341066295351,7.42312431385527,7.42312431385527,7.42809828740168,7.4342655220442,7.26634576692616,7.32740749605999,7.31214206377653,7.46418576931978,7.51803124238636,7.51803124238636,7.51803124238636,..,..,..,..
Arable land (% of land area),AG.LND.ARBL.ZS,Rwanda,RWA,43.8954205275257,44.7081455683778,45.1917310451078,45.2954982329246,45.3534655499469,45.558169596486,46.2683397408289,46.6449120579145,47.9327117957033,46.5950547223348,46.6842298813085,46.6842298813085,..,..,..,..
Arable land (% of land area),AG.LND.ARBL.ZS,Samoa,WSM,3.886925795053,3.67491152598244,3.53356890459364,3.18021201413428,2.79151946832771,2.82685512367491,2.82685512367491,2.82685512367491,2.82685512367491,2.82685512367491,2.82685512367491,2.82685512367491,..,..,..,..
Arable land (% of land area),AG.LND.ARBL.ZS,San Marino,SMR,16.6666666666667,16.6666666666667,16.6666666666667,16.6666666666667,16.6666666666667,16.6666666666667,16.6666666666667,16.6666666666667,16.6666666666667,16.6666666666667,16.6666666666667,16.6666666666667,..,..,..,..
Arable land (% of land area),AG.LND.ARBL.ZS,Sao Tome and Principe,STP,8.33333333333333,8.33333333333333,8.85416666666667,9.375,9.375,8.85416666666667,9.06249980131785,9.06249980131785,9.06249980131785,9.06249980131785,9.06249980131785,9.06249980131785,..,..,..,..
Arable land (% of land area),AG.LND.ARBL.ZS,Saudi Arabia,SAU,1.62814173206369,1.60488256446278,1.60302183105471,1.55324721238876,1.48672599305016,1.47928305941787,1.46951420902549,1.44997650824072,1.42718252399183,1.59557889742242,1.62348989854351,1.61744251496727,..,..,..,..
Arable land (% of land area),AG.LND.ARBL.ZS,Senegal,SEN,16.2364306861268,14.730171921259,14.802887861632,18.802264582143,19.893003687737,19.7371838155093,17.1401859450475,17.1401859450475,16.6207863709552,16.6207863709552,16.6207863709552,16.6207863709552,..,..,..,..
Arable land (% of land area),AG.LND.ARBL.ZS,Serbia,SRB,..,29.67870970926,29.9199639701364,30.4196203978962,29.8845180788004,30.3487314066788,30.1795106334324,29.2945357609907,29.6169683149798,29.793047692338,29.6249714155042,29.7050080036588,..,..,..,..
Arable land (% of land area),AG.LND.ARBL.ZS,Seychelles,SYC,2.17391304347826,2.17391304347826,2.17391304347826,2.17391304347826,2.17391304347826,1.95652168730031,0.304347827382709,0.304347827382709,0.32608696947927,0.32608696947927,0.32608696947927,0.32608696947927,..,..,..,..
Arable land (% of land area),AG.LND.ARBL.ZS,Sierra Leone,SLE,20.3937381481193,23.4120255594737,17.7849815835845,19.0112216745463,20.2406479731661,21.8949848279691,22.895954625697,20.3886121420623,21.9402885067063,21.9451371571072,21.9451371571072,21.9451371571072,..,..,..,..
Arable land (% of land area),AG.LND.ARBL.ZS,Singapore,SGP,0.957910031363566,0.936599368684106,1.0071942274519,0.857142891202654,0.857142891202654,0.911680930936152,0.894886337466969,0.89235128731987,0.806223504174585,0.789844838268139,0.789844838268139,0.789844838268139,..,..,..,..
Arable land (% of land area),AG.LND.ARBL.ZS,Sint Maarten (Dutch part),SXM,..,..,..,..,..,..,..,..,..,..,..,..,..,..,..,..
Arable land (% of land area),AG.LND.ARBL.ZS,Slovak Republic,SVK,28.9189189189189,28.6486486486486,28.6278586278586,28.7318087318087,28.7377833229362,28.9451242796631,28.9302946197879,28.9531713811615,28.3147569224796,28.2695497331922,28.0770339245881,28.0158069883527,..,..,..,..
Arable land (% of land area),AG.LND.ARBL.ZS,Slovenia,SVN,8.73882820258193,8.83813306852036,8.68917576961271,9.10395032843105,9.14582712124423,9.16252180487037,9.15070030465469,9.11857130037241,9.18371433534593,9.13803343029459,9.13040038378699,9.12918326583366,..,..,..,..
Arable land (% of land area),AG.LND.ARBL.ZS,Solomon Islands,SLB,0.571632725973562,0.571632725973562,0.571632725973562,0.60735977134691,0.643086816720257,0.678813862093605,0.678813862093605,0.714540907466953,0.714540907466953,0.714540907466953,0.714540907466953,0.714540907466953,..,..,..,..
Arable land (% of land area),AG.LND.ARBL.ZS,Somalia,SOM,2.15194312494022,1.81719641661619,1.59403194440017,1.75343513884018,1.75343513884018,1.75343513884018,1.59403194440017,1.59403194440017,1.75343513884018,1.75343513884018,1.75343513884018,1.75343513884018,..,..,..,..
Arable land (% of land area),AG.LND.ARBL.ZS,South Africa,ZAF,10.8606945898491,10.3866984312788,10.3866984312788,10.5515666603467,10.4361588999992,10.331467574541,9.91929700187126,10.3042643167448,10.3042643167448,10.3042643167448,10.3042643167448,10.3042643167448,..,..,..,..
Arable land (% of land area),AG.LND.ARBL.ZS,South Sudan,SSD,..,..,..,..,..,..,..,..,..,..,..,..,..,..,..,..
Arable land (% of land area),AG.LND.ARBL.ZS,Spain,ESP,25.8730890220201,25.4920036875225,25.2168860571818,25.0360866078589,25.0611639193037,25.0554988900222,24.8639673521645,25.1294456328342,24.3517722556526,24.5456908098599,24.5730992465048,24.6958949671581,..,..,..,..
Arable land (% of land area),AG.LND.ARBL.ZS,Sri Lanka,LKA,17.5410620315739,16.7437410301387,15.9464200287036,19.1357040344443,17.5410620315739,19.1357040344443,20.7303460373146,19.9330250358794,20.7303460373146,20.7303460373146,20.7303460373146,20.7303460373146,..,..,..,..
Arable land (% of land area),AG.LND.ARBL.ZS,St. Kitts and Nevis,KNA,15.2692308792701,15.3076923810519,15.3461538828336,15.3846153846154,15.3846153846154,17.3076923076923,19.2307692307692,19.2307692307692,19.2307692307692,19.2307692307692,19.2307692307692,19.2307692307692,..,..,..,..
Arable land (% of land area),AG.LND.ARBL.ZS,St. Lucia,LCA,3.60655745521921,3.77049172510866,3.93442638584825,4.0983606557377,4.91803278688525,4.91803278688525,4.91803278688525,4.91803278688525,4.91803278688525,4.91803278688525,4.91803278688525,4.91803278688525,..,..,..,..
Arable land (% of land area),AG.LND.ARBL.ZS,St. Martin (French part),MAF,..,..,..,..,..,..,..,..,..,..,..,..,..,..,..,..
Arable land (% of land area),AG.LND.ARBL.ZS,St. Vincent and the Grenadines,VCT,12.8205128205128,12.8205128205128,12.8205128205128,12.8205128205128,12.8205128205128,12.8205128205128,12.8205128205128,12.8205128205128,12.8205128205128,12.8205128205128,12.8205128205128,12.8205128205128,..,..,..,..
Arable land (% of land area),AG.LND.ARBL.ZS,Sudan,SDN,..,..,..,..,..,..,..,..,..,..,..,..,..,..,..,..
Arable land (% of land area),AG.LND.ARBL.ZS,Suriname,SUR,0.314102564102564,0.314102564102564,0.294871794871795,0.301282051282051,0.371794871794872,0.352564102564103,0.371794871794872,0.333333333333333,0.384615384615385,0.416666666666667,0.416666666666667,0.416666666666667,..,..,..,..
Arable land (% of land area),AG.LND.ARBL.ZS,Sweden,SWE,6.57503533655018,6.47024418774675,6.44100014622021,6.40931910123312,6.42881512891748,6.40688209777258,6.3703270458644,6.39023911228949,6.38287425737713,6.36370332179421,6.34651739461344,6.32098425684675,..,..,..,..
Arable land (% of land area),AG.LND.ARBL.ZS,Switzerland,CHE,10.278860448101,10.2993649575875,10.2895028863036,10.2819105615963,10.2743190091731,10.236359702489,10.2211758253585,10.2186450504561,10.1958696209024,10.1083103697239,10.08199170085,10.0895840255573,..,..,..,..
Arable land (% of land area),AG.LND.ARBL.ZS,Syrian Arab Republic,SYR,25.4671242577763,25.4315743614878,25.7895883249837,25.5881071661947,25.430189501198,25.5241518270435,25.3880084953439,25.4043456951478,25.3880084953439,25.3880084953439,25.3880084953439,25.3880084953439,..,..,..,..
Arable land (% of land area),AG.LND.ARBL.ZS,Tajikistan,TJK,5.40868819662761,5.26579022577879,5.33009431266076,5.29436981994856,5.36867693922594,5.34224072740091,5.32152034719183,5.29436981994856,5.25150042869391,5.25989667939469,5.25974493839614,5.25974493839614,..,..,..,..
Arable land (% of land area),AG.LND.ARBL.ZS,Tanzania,TZA,10.9505531722737,10.9505531722737,11.2892300745089,12.7858435259793,12.9826145856853,13.0955068864303,13.885752991646,15.3533529013321,15.240460600587,15.240460600587,15.240460600587,15.240460600587,..,..,..,..
Arable land (% of land area),AG.LND.ARBL.ZS,Thailand,THA,29.7520014093053,29.7520014093053,29.7520014093053,29.8498698349938,30.7208988236215,30.8481277770166,30.8481277770166,32.4140225880327,32.9033647164752,32.9033647164752,32.9033647164752,32.9033647164752,..,..,..,..
Arable land (% of land area),AG.LND.ARBL.ZS,Timor-Leste,TLS,11.4324142568931,11.4324142568931,10.7599193006052,10.7599193006052,10.7599193006052,10.0874243443174,10.0874243443174,10.7599193006052,10.4236718224613,10.4236718224613,10.4236718224613,10.4236718224613,..,..,..,..
Arable land (% of land area),AG.LND.ARBL.ZS,Togo,TGO,38.6100386100386,38.6100386100386,42.4710424710425,43.0226144511859,44.1257584114727,45.2289023717595,45.2289023717595,48.7221915793344,48.7221915793344,48.7221915793344,48.7221915793344,48.7221915793344,..,..,..,..
Arable land (% of land area),AG.LND.ARBL.ZS,Tonga,TON,20.8333333333333,22.2222222222222,22.2222222222222,22.2222222222222,23.6111111111111,23.6111111111111,23.6111111111111,25,25,25,25,25,..,..,..,..
Arable land (% of land area),AG.LND.ARBL.ZS,Trinidad and Tobago,TTO,4.87329434697856,4.87329434697856,4.87329434697856,4.87329434697856,4.87329434697856,4.87329434697856,4.87329434697856,4.87329434697856,4.87329434697856,4.87329434697856,4.87329434697856,4.87329434697856,..,..,..,..
Arable land (% of land area),AG.LND.ARBL.ZS,Tunisia,TUN,17.5720906282183,17.7845005149331,17.5914006179197,18.2479402677652,17.4240473738414,18.1707003089598,18.2736869207003,18.3316168898043,18.3638002059732,18.6663233779609,18.6663233779609,18.6663233779609,..,..,..,..
Arable land (% of land area),AG.LND.ARBL.ZS,Turkey,TUR,30.9629302392059,29.8598027623663,28.5578784610787,28.0069643854839,27.7419019528865,27.784779699336,26.6868495250965,26.736223899796,26.732325922846,26.9038369086444,26.8245780439952,26.4815560723984,..,..,..,..
Arable land (% of land area),AG.LND.ARBL.ZS,Turkmenistan,TKM,4.3410720745643,4.3410720745643,4.3410720745643,4.23467324920733,4.23467324920733,4.12827442385036,4.12827442385036,4.12827442385036,4.12827442385036,4.12827442385036,4.12827442385036,4.12827442385036,..,..,..,..
Arable land (% of land area),AG.LND.ARBL.ZS,Turks and Caicos Islands,TCA,1.05263157894737,1.05263157894737,1.05263157894737,1.05263157894737,1.05263157894737,1.05263157894737,1.05263157894737,1.05263157894737,1.05263157894737,1.05263157894737,1.05263157894737,1.05263157894737,..,..,..,..
Arable land (% of land area),AG.LND.ARBL.ZS,Tuvalu,TUV,..,..,..,..,..,..,..,..,..,..,..,..,..,..,..,..
Arable land (% of land area),AG.LND.ARBL.ZS,Uganda,UGA,29.7782893749062,30.5290025524248,31.2797157299434,32.2806666333016,33.0313798108203,33.6624775583483,34.1611809295831,34.4105326152005,34.4105326152005,34.4105326152005,34.4105326152005,34.4105326152005,..,..,..,..
Arable land (% of land area),AG.LND.ARBL.ZS,Ukraine,UKR,56.0115986054058,56.0031759182546,55.9853624013947,56.0553752675551,56.0622799143824,56.0605537526755,56.0985293102258,56.1313263826555,56.5784022647242,56.569248562896,56.5778798183984,56.5796060694989,..,..,..,..
Arable land (% of land area),AG.LND.ARBL.ZS,United Arab Emirates,ARE,0.957476767107857,0.712475337568588,0.627992093412012,0.72655587826135,0.702619002054054,0.712475337568588,0.635032363758393,0.522388038216293,0.528020275978598,0.619543790481555,0.620951823065631,0.626584060827936,..,..,..,..
Arable land (% of land area),AG.LND.ARBL.ZS,United Kingdom,GBR,23.6804034224776,25.1891042863638,25.1519034431447,24.821229281197,25.0031000702683,24.6765593353449,25.0568346215848,25.6768486752366,25.8975732746817,25.7657173562601,24.8460298433431,24.9080716142066,..,..,..,..
Arable land (% of land area),AG.LND.ARBL.ZS,United States,USA,18.0218775103908,17.5117548368683,17.6687855820614,17.689424313085,17.2683339263967,17.045921486605,16.5805546126667,16.9564204988948,16.643130317073,16.8643726865061,16.6454038406458,16.6454038406458,..,..,..,..
Arable land (% of land area),AG.LND.ARBL.ZS,Uruguay,URY,7.95337675694206,7.97623128785282,8.43332190606788,10.4330933607588,12.5414238372757,11.6158153353902,13.4384641755228,12.3014512627128,13.8498457319164,13.7732836113373,13.7732836113373,13.7732836113373,..,..,..,..
Arable land (% of land area),AG.LND.ARBL.ZS,Uzbekistan,UZB,10.3432063939821,10.3432063939821,10.2256699576869,10.1551480959097,10.1081335213916,10.2256699576869,10.1081335213916,10.3432063939821,10.3432063939821,10.3432063939821,10.3432063939821,10.3432063939821,..,..,..,..
Arable land (% of land area),AG.LND.ARBL.ZS,Vanuatu,VUT,1.64068908941756,1.64068908941756,1.64068908941756,1.64068908941756,1.64068908941756,1.64068908941756,1.64068908941756,1.64068908941756,1.64068908941756,1.64068908941756,1.64068908941756,1.64068908941756,..,..,..,..
Arable land (% of land area),AG.LND.ARBL.ZS,"Venezuela, RB",VEN,3.01003344481605,3.01003344481605,3.01456833512839,3.06105096082988,2.94767870302137,3.06105096082988,3.06105096082988,3.06105096082988,3.06105096082988,3.06105096082988,3.06105096082988,3.06105096082988,..,..,..,..
Arable land (% of land area),AG.LND.ARBL.ZS,Vietnam,VNM,20.5050472473958,20.4727964653143,20.3489537770705,20.2615538426807,20.3179927113232,20.7611181421735,20.7617637877133,20.6446925039104,20.7140316853856,22.5852226916503,22.5690973006095,22.5690973006095,..,..,..,..
Arable land (% of land area),AG.LND.ARBL.ZS,Virgin Islands (U.S.),VIR,5.71428571428571,2.85714285714286,2.85714285714286,2.85714285714286,2.85714285714286,2.85714285714286,2.85714285714286,2.85714285714286,2.85714285714286,2.85714285714286,2.85714285714286,2.85714285714286,..,..,..,..
Arable land (% of land area),AG.LND.ARBL.ZS,West Bank and Gaza,PSE,16.4451827242525,15.6146179401993,14.4518272425249,13.7873754152824,10.5232555604852,7.25913633935872,7.22591362126246,7.66611321027889,9.13621262458472,10.6312292358804,8.44186041442262,8.44186041442262,..,..,..,..
Arable land (% of land area),AG.LND.ARBL.ZS,"Yemen, Rep.",YEM,2.43763850218762,2.6024205920791,2.58537416898687,2.35808852775726,2.217929048999,2.44521469022861,2.19898857889653,2.37324090383923,2.363770668788,2.363770668788,2.363770668788,2.363770668788,..,..,..,..
Arable land (% of land area),AG.LND.ARBL.ZS,Zambia,ZMB,3.66833021697897,4.05305425146962,3.96696215983535,4.10551661980925,4.77542070783842,4.5736423680706,4.84268015442769,5.11171794078478,4.97719904760624,5.11171794078478,5.11171794078478,5.11171794078478,..,..,..,..
Arable land (% of land area),AG.LND.ARBL.ZS,Zimbabwe,ZWE,10.0814269096549,10.5984231614321,10.3399250355435,10.986170350265,10.5984231614321,10.3399250355435,10.8569212873207,10.3399250355435,10.3399250355435,10.3399250355435,10.3399250355435,10.3399250355435,..,..,..,..
Arable land (% of land area),AG.LND.ARBL.ZS,Arab World,ARB,3.53350361261302,3.477816501765,3.47157551463585,3.3894173749236,3.34870257558862,3.37078486937364,3.371217810077,3.40626775210284,3.43977226898499,3.50556857663092,3.52777578960989,3.51560591035068,..,..,..,..
Arable land (% of land area),AG.LND.ARBL.ZS,Caribbean small states,CSS,1.8134370756485,1.81370878095934,1.79916018304287,1.78955168580956,1.83524762257626,1.83154254662221,1.83524762257626,1.82536742003211,1.8438927998024,1.85500802766457,1.85253797702853,1.85006792639249,..,..,..,..
Arable land (% of land area),AG.LND.ARBL.ZS,Central Europe and the Baltics,CEB,34.5688243610762,34.7316488562006,33.9002271052728,34.1575009635909,34.4334152372737,33.6457722351674,33.8260785775851,33.6372079278823,32.933082313147,33.0956146343519,32.9815466257992,32.7870674686587,..,..,..,..
Arable land (% of land area),AG.LND.ARBL.ZS,Early-demographic dividend,EAR,12.9385179426905,12.9410037051631,13.0023733587352,12.9175149980024,12.9253425661633,13.0184488199925,13.0200772042903,13.0681929974304,13.0667627146623,13.0469077338688,13.0265652608824,13.0342211120489,..,..,..,..
Arable land (% of land area),AG.LND.ARBL.ZS,East Asia & Pacific,EAS,9.75000774780435,9.49018418636151,9.36749837894953,9.39900027721326,9.50389651914521,9.36403801141253,9.54224623875286,9.53527213867468,9.49826421254433,9.55350180358996,10.0692977426841,10.0570086034922,..,..,..,..
Arable land (% of land area),AG.LND.ARBL.ZS,East Asia & Pacific (excluding high income),EAP,11.3935694906319,11.1058918607585,11.1432398455273,11.2034019172389,11.2629887340546,11.2409730425378,11.1976871490363,11.2186169876828,11.2180505056255,11.2558990000492,12.1000471226985,12.0982690750407,..,..,..,..
Arable land (% of land area),AG.LND.ARBL.ZS,East Asia & Pacific (IDA & IBRD countries),TEA,11.3313060577112,11.0414403606773,11.0790916645095,11.1365472484031,11.1965848025309,11.1744014569389,11.133952247208,11.1550407471807,11.1544696737364,11.1926061064787,12.043176217497,12.0413846385624,..,..,..,..
Arable land (% of land area),AG.LND.ARBL.ZS,Euro area,EMU,25.0317214819132,24.7344169258542,24.4983544278706,24.6411841477663,24.5027303690134,24.4963287116031,24.3466636538728,24.590927960892,24.3429442810898,24.2512957870767,23.9648965877149,23.8542451827523,..,..,..,..
Arable land (% of land area),AG.LND.ARBL.ZS,Europe & Central Asia,ECS,12.4176935508271,12.4258021909987,12.3358293038744,12.3363495945985,12.3278851626435,12.1908845914655,12.2088133480913,12.224193275106,12.2746512072697,12.3083367106817,12.2688288551786,12.4285856459675,..,..,..,..
Arable land (% of land area),AG.LND.ARBL.ZS,Europe & Central Asia (excluding high income),ECA,10.3397394231597,10.3712930714389,10.331338935045,10.302695411395,10.3024180637942,10.1862162128192,10.2150058005181,10.2167169018425,10.3483746935386,10.3969673377726,10.3971600104789,10.3880728898346,..,..,..,..
Arable land (% of land area),AG.LND.ARBL.ZS,Europe & Central Asia (IDA & IBRD countries),TEC,11.0336268435967,11.0696601342298,10.9939991684924,10.9783949009671,10.9823537841261,10.832418299434,10.8652332024681,10.8512929705838,10.9701983750484,11.0221168169848,11.0218643653925,11.0021678105711,..,..,..,..
Arable land (% of land area),AG.LND.ARBL.ZS,European Union,EUU,26.2714118533591,26.0999804605806,25.704935446275,25.8875506741137,25.8347778008165,25.5738809424539,25.5316242476456,25.6206249411504,25.2531082067665,25.2222577374819,25.0138861830896,24.8769530694238,..,..,..,..
Arable land (% of land area),AG.LND.ARBL.ZS,Fragile and conflict affected situations,FCS,7.80215693589981,7.83149027287712,7.95372702055146,7.93393255594561,7.69292040926431,7.84753291488123,8.01093283276603,8.11086524197279,8.12826629784306,8.14277095197366,8.14752956522714,8.14626172865381,..,..,..,..
Arable land (% of land area),AG.LND.ARBL.ZS,Heavily indebted poor countries (HIPC),HPC,7.30908207901895,7.33807938035539,7.46774293365838,7.72947138290328,7.87276896359666,7.99347194813763,8.14118835118368,8.30881282525632,8.35529065420681,8.34478071571837,8.34220285809709,8.34151236127254,..,..,..,..
Arable land (% of land area),AG.LND.ARBL.ZS,High income,HIC,10.8355596626703,10.6362260429521,10.5190775229906,10.5300932042677,10.4546979741407,10.2602750439332,10.2753105494575,10.3652841247286,10.2263506003946,10.3142621499823,10.2097985351053,10.3100837859988,..,..,..,..
Arable land (% of land area),AG.LND.ARBL.ZS,IBRD only,IBD,11.0375218011568,10.9894870662593,10.9771653083182,10.9739300823175,10.9861829853707,10.967143111917,11.0094142322881,11.0311247272223,11.1404964252308,11.2149459249279,11.3989127100532,11.3795616378265,..,..,..,..
Arable land (% of land area),AG.LND.ARBL.ZS,IDA & IBRD total,IBT,10.9345826017571,10.918649285053,10.9341666547256,10.9616594766474,10.9529517579418,10.9750627411833,11.0541932888039,11.1134220005716,11.1951743611285,11.2505333061535,11.3913114918201,11.3850670387057,..,..,..,..
Arable land (% of land area),AG.LND.ARBL.ZS,IDA blend,IDB,19.8722470287588,20.1482822466288,20.1229010132114,19.7915260094705,18.8763139780114,19.14051682508,19.6394445881214,19.9037847561548,19.7081043720262,19.700094063904,19.69093942605,19.8374136317135,..,..,..,..
Arable land (% of land area),AG.LND.ARBL.ZS,IDA only,IDX,8.35903576264481,8.39827859570436,8.53497705288699,8.76931070321509,8.89804990489586,9.02373201737065,9.1463193032941,9.30368148799984,9.34387248847681,9.33921111451504,9.34607437770605,9.35443887367153,..,..,..,..
Arable land (% of land area),AG.LND.ARBL.ZS,IDA total,IDA,10.608375092793,10.6938626713623,10.7977882224043,10.9227220885591,10.8475052976395,11.0001919057342,11.1962766115231,11.3745511854407,11.3686674908926,11.3634581138106,11.367191533983,11.4025365969901,..,..,..,..
Arable land (% of land area),AG.LND.ARBL.ZS,Late-demographic dividend,LTE,9.18530847423504,9.14908656884099,9.09702383104438,9.1541578456903,9.16122749747469,9.06568009816314,9.13668851274109,9.13826144844629,9.29275970667367,9.42413385856256,9.72174599404086,9.70416533795085,..,..,..,..
Arable land (% of land area),AG.LND.ARBL.ZS,Latin America & Caribbean,LCN,7.85749661505582,7.96645136696661,8.02287650247195,8.05253084218579,8.03920183075748,8.21469984697802,8.32990354615688,8.39459451500043,8.65005852798875,8.7979578715551,8.77897972169675,8.74063417225476,..,..,..,..
Arable land (% of land area),AG.LND.ARBL.ZS,Latin America & Caribbean (excluding high income),LAC,8.09399438000182,8.21434767348348,8.27424972465652,8.2846958863412,8.25153156950118,8.44543000262698,8.54781096978478,8.62829832123105,8.88185210966804,9.0394570019068,9.01826232869945,8.98018447293984,..,..,..,..
Arable land (% of land area),AG.LND.ARBL.ZS,Latin America & the Caribbean (IDA & IBRD countries),TLA,7.71881642479199,7.83045904086485,7.89034314551618,7.92364244515446,7.91353730812306,8.09324334918931,8.21253097825889,8.28678865812282,8.54182199135121,8.69402426108985,8.67870812448712,8.64139197972659,..,..,..,..
Arable land (% of land area),AG.LND.ARBL.ZS,Least developed countries: UN classification,LDC,7.7059069353956,7.74372109800703,7.86375568112517,8.11138064418662,8.27393992212518,8.41117065451579,8.56668926385189,8.72611818132623,8.77977745535078,8.77461215163488,8.78154464085936,8.78962516153216,..,..,..,..
Arable land (% of land area),AG.LND.ARBL.ZS,Low & middle income,LMY,10.8855586197342,10.8680714056856,10.8922887460566,10.9126560053221,10.8978782361431,10.9304707295589,11.0044003461174,11.069033311005,11.1517146159422,11.20649709507,11.3482619152117,11.3448390370203,..,..,..,..
Arable land (% of land area),AG.LND.ARBL.ZS,Low income,LIC,7.74044893873068,7.78924686650594,7.92215941552303,8.07996293442393,8.19389878778839,8.36737842773916,8.51412860104068,8.61734565658253,8.69469803074778,8.6753972382083,8.67509068746148,8.67221286539722,..,..,..,..
Arable land (% of land area),AG.LND.ARBL.ZS,Lower middle income,LMC,17.2485482431342,17.2742245742801,17.2832702776216,17.3681733785313,17.2514601652695,17.2551755842323,17.4112930541026,17.5370705409913,17.5059158502419,17.5361177581728,17.546565374461,17.5802299223526,..,..,..,..
Arable land (% of land area),AG.LND.ARBL.ZS,Middle East & North Africa,MEA,4.87588265502878,4.85308383195938,4.87452064923718,4.66490411779321,4.62761312842516,4.62783023683609,4.62613353961563,4.64544332620155,4.63355323454347,4.70071301617173,4.72264362391727,4.71027668036081,..,..,..,..
Arable land (% of land area),AG.LND.ARBL.ZS,Middle East & North Africa (excluding high income),MNA,5.87682632346779,5.85603074576688,5.88444896920336,5.62411208034055,5.59164778628358,5.59502756670051,5.59545574391653,5.62673006794432,5.61710748948882,5.66029298619907,5.6806967045113,5.66595898164445,..,..,..,..
Arable land (% of land area),AG.LND.ARBL.ZS,Middle East & North Africa (IDA & IBRD countries),TMN,5.86946077107801,5.84922960439469,5.87847803486544,5.61842278919441,5.58820976074406,5.59386744705022,5.59431908370924,5.62530832887487,5.61465411993874,5.65682746210638,5.67877173929752,5.66402374192078,..,..,..,..
Arable land (% of land area),AG.LND.ARBL.ZS,Middle income,MIC,11.381288764355,11.3527613763053,11.3598046505562,11.3586058479836,11.3235790137226,11.3340133580663,11.396483537034,11.4550442359551,11.5385767550958,11.6049872520986,11.7691194958698,11.7656105260152,..,..,..,..
Arable land (% of land area),AG.LND.ARBL.ZS,North America,NAC,11.5242849765032,11.2598327644994,11.3151423429801,11.2969176306498,11.0622871619755,10.9272341407131,10.6703452442588,10.8675826678266,10.7192244861216,10.8389218904666,10.7378636173082,10.746613230953,..,..,..,..
Arable land (% of land area),AG.LND.ARBL.ZS,Not classified,INX,..,..,..,..,..,..,..,..,..,..,..,..,..,..,..,..
Arable land (% of land area),AG.LND.ARBL.ZS,OECD members,OED,11.6916307986907,11.4713647974376,11.340283831526,11.3224386820388,11.2289475409271,11.0365889847183,11.0043162504794,11.1119964254512,10.9792145191182,11.0605111450331,10.9426655147269,10.9082931023258,..,..,..,..
Arable land (% of land area),AG.LND.ARBL.ZS,Other small states,OSS,1.9983363253125,1.99743631412321,2.00020879363409,2.06729902247188,2.09610686925559,2.0995272553772,2.11725977901869,2.08095894885015,1.9828594342593,2.06076023791432,1.98559796511335,2.05379602701345,..,..,..,..
Arable land (% of land area),AG.LND.ARBL.ZS,Pacific island small states,PSS,3.73343725643024,3.73967263629821,3.717848791894,3.717848791894,3.70226042398883,3.67887763055339,3.67887763055339,3.71005455962588,3.71005455962588,3.71005455962588,3.71005455962588,3.71005455962588,..,..,..,..
Arable land (% of land area),AG.LND.ARBL.ZS,Post-demographic dividend,PST,12.5609178483853,12.3331807337731,12.2257460931433,12.2199949793347,12.1261504140217,11.9415379619846,11.9437090883516,12.0589370342069,11.918985227283,12.0037611599919,11.9019076932571,11.8876871576174,..,..,..,..
Arable land (% of land area),AG.LND.ARBL.ZS,Pre-demographic dividend,PRE,8.48658505511464,8.49770602585478,8.58610948554232,8.74990635616118,8.65698860478475,8.83113085434158,9.05868037205319,9.2749042343145,9.29002476996299,9.30641660866239,9.30501127257942,9.30298758861994,..,..,..,..
Arable land (% of land area),AG.LND.ARBL.ZS,Small states,SST,2.01299719451315,2.01239118761993,2.01172706147209,2.06467340868156,2.09507709866633,2.09665559766899,2.11166118383953,2.08137109818498,2.00466813029499,2.06975877734414,2.00829256090239,2.06330076338988,..,..,..,..
Arable land (% of land area),AG.LND.ARBL.ZS,South Asia,SAS,43.7758837427071,43.6166701332387,43.4219755909323,43.2930245118415,43.242936249612,43.0607113789833,43.1963688250881,43.113230702993,43.1499062088096,43.1431369480743,43.146750058452,43.2797461722452,..,..,..,..
Arable land (% of land area),AG.LND.ARBL.ZS,South Asia (IDA & IBRD),TSA,43.7758837427071,43.6166701332387,43.4219755909323,43.2930245118415,43.242936249612,43.0607113789833,43.1963688250881,43.113230702993,43.1499062088096,43.1431369480743,43.146750058452,43.2797461722452,..,..,..,..
Arable land (% of land area),AG.LND.ARBL.ZS,Sub-Saharan Africa,SSF,8.23005988842459,8.27548581707994,8.37318516358344,8.57167829153299,8.51687348854151,8.66292369329548,8.86272267261082,9.05881249668976,9.04678627906666,9.04718877468733,9.0382208435559,9.04448191783101,..,..,..,..
Arable land (% of land area),AG.LND.ARBL.ZS,Sub-Saharan Africa (excluding high income),SSA,8.22697558802328,8.27250100914119,8.37030597652275,8.56886945876646,8.51405823058568,8.66013035965205,8.86008273973433,9.05628971444228,9.04430869800362,9.04471124080981,9.03574225834673,9.04200406662229,..,..,..,..
Arable land (% of land area),AG.LND.ARBL.ZS,Sub-Saharan Africa (IDA & IBRD countries),TSS,8.23005988842459,8.27548581707994,8.37318516358344,8.57167829153299,8.51687348854151,8.66292369329548,8.86272267261082,9.05881249668976,9.04678627906666,9.04718877468733,9.0382208435559,9.04448191783101,..,..,..,..
Arable land (% of land area),AG.LND.ARBL.ZS,Upper middle income,UMC,9.14291969502585,9.09752333094123,9.10422006265035,9.06979004976025,9.06577133639012,9.07877748060703,9.10559372105111,9.13855030867572,9.26567387780433,9.34587486268486,9.56854333736936,9.55087218284569,..,..,..,..
Arable land (% of land area),AG.LND.ARBL.ZS,World,WLD,10.8716570763482,10.8036600214931,10.788611705462,10.8064035920026,10.7747848472901,10.744318995498,10.8018920767465,10.8735754479169,10.8946937137909,10.9586753314223,11.0320528564916,11.0597918828868,..,..,..,..
,,,,,,,,,,,,,,,,,,,
,,,,,,,,,,,,,,,,,,,
,,,,,,,,,,,,,,,,,,,
Data from database: World Development Indicators,,,,,,,,,,,,,,,,,,,
Last Updated: 02/17/2021,,,,,,,,,,,,,,,,,,,
