CO2 emissions (kt),EN.ATM.CO2E.KT,Afghanistan,AFG,1327.454,1650.15,2273.54,4206.049,6769.282,8463.436,12240.446,10755.311,9050.156,8467.103,9035.488,8672.455,..,..,..,..
CO2 emissions (kt),EN.ATM.CO2E.KT,Albania,ALB,4253.72,3898.021,3927.357,4374.731,4378.398,4598.418,5240.143,4924.781,4913.78,5489.499,4616.753,4536.079,..,..,..,..
CO2 emissions (kt),EN.ATM.CO2E.KT,Algeria,DZA,107278.085,101069.854,109404.945,110208.018,121399.702,119177.5,121187.016,129987.816,134465.223,145411.218,153133.92,150005.969,..,..,..,..
CO2 emissions (kt),EN.ATM.CO2E.KT,American Samoa,ASM,..,..,..,..,..,..,..,..,..,..,..,..,..,..,..,..
CO2 emissions (kt),EN.ATM.CO2E.KT,Andorra,AND,575.719,546.383,539.049,539.049,517.047,517.047,491.378,487.711,476.71,462.042,465.709,469.376,..,..,..,..
CO2 emissions (kt),EN.ATM.CO2E.KT,Angola,AGO,19156.408,22266.024,25151.953,25709.337,27792.193,29057.308,30586.447,34176.44,33692.396,44851.077,34583.477,34693.487,..,..,..,..
CO2 emissions (kt),EN.ATM.CO2E.KT,Antigua and Barbuda,ATG,429.039,443.707,469.376,480.377,509.713,524.381,513.38,524.381,524.381,528.048,546.383,557.384,..,..,..,..
CO2 emissions (kt),EN.ATM.CO2E.KT,Argentina,ARG,162110.736,175436.614,175176.257,189107.19,179961.692,187904.414,191622.752,193027.213,193701.941,195777.463,201167.953,201347.636,..,..,..,..
CO2 emissions (kt),EN.ATM.CO2E.KT,Armenia,ARM,4349.062,4378.398,5056.793,5551.838,4360.063,4209.716,4917.447,5694.851,5496.833,5529.836,4803.77,5155.802,..,..,..,..
CO2 emissions (kt),EN.ATM.CO2E.KT,Aruba,ABW,2720.914,2717.247,2823.59,2658.575,2629.239,2508.228,2500.894,1349.456,861.745,872.746,898.415,883.747,..,..,..,..
CO2 emissions (kt),EN.ATM.CO2E.KT,Australia,AUS,350172.831,365346.877,372090.49,385904.079,394792.887,390861.863,391818.95,388126.281,372317.844,361316.844,365332.209,375907.837,..,..,..,..
CO2 emissions (kt),EN.ATM.CO2E.KT,Austria,AUT,73816.71,71818.195,69419.977,68811.255,62793.708,67564.475,65063.581,62324.332,62529.684,58903.021,61264.569,61447.919,..,..,..,..
CO2 emissions (kt),EN.ATM.CO2E.KT,Azerbaijan,AZE,34337.788,39167.227,30509.44,35503.894,31902.9,30678.122,33248.689,35397.551,35496.56,37385.065,37597.751,37619.753,..,..,..,..
CO2 emissions (kt),EN.ATM.CO2E.KT,"Bahamas, The",BHS,1829.833,1778.495,1796.83,2361.548,1606.146,2387.217,1800.497,1906.84,2871.261,2350.547,2016.85,1785.829,..,..,..,..
CO2 emissions (kt),EN.ATM.CO2E.KT,Bahrain,BHR,19878.807,19493.772,26846.107,29768.706,28217.565,29266.327,28848.289,27553.838,31407.855,31367.518,32892.99,31693.881,..,..,..,..
CO2 emissions (kt),EN.ATM.CO2E.KT,Bangladesh,BGD,39500.924,43567.627,44539.382,49625.511,54473.285,60223.141,63233.748,67670.818,69456.647,73758.038,81073.703,84245.658,..,..,..,..
CO2 emissions (kt),EN.ATM.CO2E.KT,Barbados,BRB,1334.788,1360.457,1360.457,1620.814,1613.48,1477.801,1529.139,1470.467,1448.465,1254.114,1254.114,1276.116,..,..,..,..
CO2 emissions (kt),EN.ATM.CO2E.KT,Belarus,BLR,59167.045,62071.309,60523.835,63105.403,61220.565,63043.064,64062.49,62969.724,63054.065,62801.042,58279.631,58279.631,..,..,..,..
CO2 emissions (kt),EN.ATM.CO2E.KT,Belgium,BEL,108543.2,107204.745,103658.756,104447.161,99306.027,110259.356,99969.754,95132.981,97501.863,93563.505,99346.364,96889.474,..,..,..,..
CO2 emissions (kt),EN.ATM.CO2E.KT,Belize,BLZ,421.705,443.707,476.71,436.373,586.72,539.049,601.388,476.71,513.38,495.045,579.386,568.385,..,..,..,..
CO2 emissions (kt),EN.ATM.CO2E.KT,Benin,BEN,2394.551,3872.352,4495.742,4411.401,4660.757,5089.796,5060.46,4803.77,5042.125,5375.822,6065.218,6475.922,..,..,..,..
CO2 emissions (kt),EN.ATM.CO2E.KT,Bermuda,BMU,583.053,652.726,729.733,649.059,476.71,608.722,443.707,366.7,509.713,649.059,557.384,612.389,..,..,..,..
CO2 emissions (kt),EN.ATM.CO2E.KT,Bhutan,BTN,396.036,392.369,392.369,421.705,388.702,487.711,733.4,836.076,920.417,1037.761,1067.097,1261.448,..,..,..,..
CO2 emissions (kt),EN.ATM.CO2E.KT,Bolivia,BOL,12185.441,15056.702,12332.121,13237.87,13872.261,15188.714,16299.815,18819.044,19149.074,20329.848,20073.158,21605.964,..,..,..,..
CO2 emissions (kt),EN.ATM.CO2E.KT,Bosnia and Herzegovina,BIH,16204.473,17564.93,17652.938,20153.832,20703.882,21275.934,23886.838,22258.69,21921.326,19424.099,18569.688,21847.986,..,..,..,..
CO2 emissions (kt),EN.ATM.CO2E.KT,Botswana,BWA,4096.039,4136.376,4231.718,4506.743,3887.02,4569.082,4033.7,5082.462,5669.182,6857.29,5430.827,6340.243,..,..,..,..
CO2 emissions (kt),EN.ATM.CO2E.KT,Brazil,BRA,347308.904,347668.27,363212.683,387631.236,367147.374,419754.156,439412.943,470028.726,503677.118,533530.165,504388.516,462298.69,..,..,..,..
CO2 emissions (kt),EN.ATM.CO2E.KT,British Virgin Islands,VGB,179.683,183.35,187.017,190.684,190.684,198.018,201.685,201.685,201.685,212.686,212.686,212.686,..,..,..,..
CO2 emissions (kt),EN.ATM.CO2E.KT,Brunei Darussalam,BRN,5005.455,4862.442,8415.765,9119.829,7862.048,8203.079,9695.548,9666.212,7803.376,9053.823,7073.643,7664.03,..,..,..,..
CO2 emissions (kt),EN.ATM.CO2E.KT,Bulgaria,BGR,47916.689,48991.12,52254.75,50740.279,42665.545,44114.01,49354.153,44862.078,39599.933,42328.181,44737.4,41708.458,..,..,..,..
CO2 emissions (kt),EN.ATM.CO2E.KT,Burkina Faso,BFA,1125.769,1360.457,1595.145,1789.496,1895.839,2104.858,2200.2,2698.912,2929.933,2959.269,3329.636,3417.644,..,..,..,..
CO2 emissions (kt),EN.ATM.CO2E.KT,Burundi,BDI,154.014,187.017,187.017,190.684,190.684,308.028,425.372,388.702,410.704,385.035,403.37,495.045,..,..,..,..
CO2 emissions (kt),EN.ATM.CO2E.KT,Cabo Verde,CPV,440.04,473.043,506.046,469.376,524.381,557.384,616.056,506.046,498.712,491.378,495.045,542.716,..,..,..,..
CO2 emissions (kt),EN.ATM.CO2E.KT,Cambodia,KHM,2775.919,2999.606,3465.315,3898.021,4679.092,5126.466,5218.141,5456.496,5603.176,6684.941,8628.451,9919.235,..,..,..,..
CO2 emissions (kt),EN.ATM.CO2E.KT,Cameroon,CMR,3696.336,3861.351,5834.197,5544.504,6725.278,6780.283,6299.906,6024.881,5020.123,6798.618,7928.054,8291.087,..,..,..,..
CO2 emissions (kt),EN.ATM.CO2E.KT,Canada,CAN,561425.034,571993.328,571846.648,561791.734,532191.71,527263.262,522774.854,517721.728,519188.528,540614.809,549430.277,544894.198,..,..,..,..
CO2 emissions (kt),EN.ATM.CO2E.KT,Cayman Islands,CYM,473.043,484.044,572.052,583.053,557.384,557.384,586.72,535.382,535.382,546.383,557.384,546.383,..,..,..,..
CO2 emissions (kt),EN.ATM.CO2E.KT,Central African Republic,CAF,234.688,249.356,253.023,253.023,253.023,264.024,278.692,293.36,286.026,289.693,293.36,297.027,..,..,..,..
CO2 emissions (kt),EN.ATM.CO2E.KT,Chad,TCD,766.403,792.072,854.411,927.751,942.419,997.424,821.408,920.417,964.421,1001.091,1001.091,1015.759,..,..,..,..
CO2 emissions (kt),EN.ATM.CO2E.KT,Channel Islands,CHI,..,..,..,..,..,..,..,..,..,..,..,..,..,..,..,..
CO2 emissions (kt),EN.ATM.CO2E.KT,Chile,CHL,61818.286,64814.225,71638.512,71851.198,66805.406,72250.901,79243.87,80974.694,83226.232,79100.857,83244.567,85822.468,..,..,..,..
CO2 emissions (kt),EN.ATM.CO2E.KT,China,CHN,5896957.705,6529291.518,6697654.489,7553070.247,7557789.676,8776040.416,9733538.12,10028573.939,10258007.128,10291926.878,10145004.856,9893037.952,..,..,..,..
CO2 emissions (kt),EN.ATM.CO2E.KT,Colombia,COL,60945.54,62940.388,62430.675,68088.856,73288.662,77040.003,76926.326,80186.289,92734.763,86680.546,94109.888,97813.558,..,..,..,..
CO2 emissions (kt),EN.ATM.CO2E.KT,Comoros,COM,139.346,161.348,102.676,106.343,132.012,161.348,135.679,143.013,176.016,154.014,168.682,201.685,..,..,..,..
CO2 emissions (kt),EN.ATM.CO2E.KT,"Congo, Dem. Rep.",COD,1499.803,1609.813,1756.493,1859.169,1749.159,2020.517,2493.56,2405.552,3589.993,4671.758,2838.258,2020.517,..,..,..,..
CO2 emissions (kt),EN.ATM.CO2E.KT,"Congo, Rep.",COG,982.756,1118.435,1213.777,1309.119,1738.158,1972.846,2251.538,2962.936,3237.961,3157.287,3230.627,3281.965,..,..,..,..
CO2 emissions (kt),EN.ATM.CO2E.KT,Costa Rica,CRI,6868.291,7099.312,8122.405,8129.739,7902.385,7568.688,7374.337,7337.667,7719.035,7843.713,7513.683,8023.396,..,..,..,..
CO2 emissions (kt),EN.ATM.CO2E.KT,Cote d'Ivoire,CIV,7825.378,6996.636,6776.616,6776.616,5658.181,6967.3,7245.992,9292.178,10681.971,11089.008,10960.663,9673.546,..,..,..,..
CO2 emissions (kt),EN.ATM.CO2E.KT,Croatia,HRV,22592.387,22607.055,23828.166,22592.387,21165.924,20172.167,19915.477,18045.307,17601.6,16904.87,17311.907,17487.923,..,..,..,..
CO2 emissions (kt),EN.ATM.CO2E.KT,Cuba,CUB,26006.364,26505.076,25958.693,27942.54,28206.564,34114.101,29380.004,29746.704,27953.541,27623.511,29244.325,28283.571,..,..,..,..
CO2 emissions (kt),EN.ATM.CO2E.KT,Curacao,CUW,..,..,..,..,..,..,..,5999.212,5214.474,5881.868,6395.248,5390.49,..,..,..,..
CO2 emissions (kt),EN.ATM.CO2E.KT,Cyprus,CYP,7502.682,7788.708,8195.745,8577.113,8111.404,7708.034,7425.675,6919.629,5947.874,6061.551,6138.558,6626.269,..,..,..,..
CO2 emissions (kt),EN.ATM.CO2E.KT,Czech Republic,CZE,120094.25,122092.765,123288.207,116716.943,107710.791,112745.582,107993.15,103350.728,102012.273,97160.832,99852.41,102217.625,..,..,..,..
CO2 emissions (kt),EN.ATM.CO2E.KT,Denmark,DNK,47062.278,55019.668,50318.574,47421.644,44488.044,45815.498,40656.029,36427.978,37253.053,33146.013,30817.468,31785.556,..,..,..,..
CO2 emissions (kt),EN.ATM.CO2E.KT,Djibouti,DJI,414.371,410.704,462.042,498.712,458.375,517.047,473.043,480.377,572.052,612.389,627.057,619.723,..,..,..,..
CO2 emissions (kt),EN.ATM.CO2E.KT,Dominica,DMA,143.013,143.013,183.35,165.015,161.348,172.349,154.014,165.015,168.682,176.016,176.016,179.683,..,..,..,..
CO2 emissions (kt),EN.ATM.CO2E.KT,Dominican Republic,DOM,18639.361,19783.465,21173.258,20711.216,20227.172,21022.911,21767.312,21965.33,21473.952,22145.013,24136.194,25258.296,..,..,..,..
CO2 emissions (kt),EN.ATM.CO2E.KT,Ecuador,ECU,30263.751,28859.29,31924.902,33868.412,36068.612,36460.981,36482.983,32526.29,41451.768,46152.862,43270.6,41154.741,..,..,..,..
CO2 emissions (kt),EN.ATM.CO2E.KT,"Egypt, Arab Rep.",EGY,167207.866,178586.567,189092.522,198586.385,206734.459,202715.427,217412.763,220108.008,214402.156,227852.712,224581.748,238560.352,..,..,..,..
CO2 emissions (kt),EN.ATM.CO2E.KT,El Salvador,SLV,6402.582,6842.622,6978.301,6541.928,6442.919,6457.587,6648.271,6662.939,6230.233,6285.238,6849.956,7168.985,..,..,..,..
CO2 emissions (kt),EN.ATM.CO2E.KT,Equatorial Guinea,GNQ,7532.018,8181.077,7865.715,6428.251,6776.616,6893.96,9398.521,6985.635,7700.7,7308.331,6028.548,5654.514,..,..,..,..
CO2 emissions (kt),EN.ATM.CO2E.KT,Eritrea,ERI,766.403,550.05,564.718,407.037,502.379,502.379,579.386,645.392,652.726,711.398,693.063,711.398,..,..,..,..
CO2 emissions (kt),EN.ATM.CO2E.KT,Estonia,EST,16754.523,16175.137,18357.002,17018.547,14312.301,17781.283,18096.645,17146.892,19332.424,18173.652,16362.154,16589.508,..,..,..,..
CO2 emissions (kt),EN.ATM.CO2E.KT,Eswatini,SWZ,1030.427,1030.427,1078.098,1111.101,1067.097,1059.763,1074.431,1235.779,1525.472,902.082,982.756,1155.105,..,..,..,..
CO2 emissions (kt),EN.ATM.CO2E.KT,Ethiopia,ETH,5119.132,5504.167,6024.881,6629.936,6673.94,6527.26,7135.982,8518.441,10410.613,12434.797,13718.247,14869.685,..,..,..,..
CO2 emissions (kt),EN.ATM.CO2E.KT,Faroe Islands,FRO,722.399,678.395,689.396,630.724,575.719,630.724,568.385,590.387,678.395,597.721,608.722,630.724,..,..,..,..
CO2 emissions (kt),EN.ATM.CO2E.KT,Fiji,FJI,1096.433,1217.444,1158.772,894.748,792.072,1221.111,1089.099,1059.763,1338.455,1646.483,2156.196,2046.186,..,..,..,..
CO2 emissions (kt),EN.ATM.CO2E.KT,Finland,FIN,54777.646,65774.979,63739.794,56966.845,53395.187,61928.296,56662.484,49013.122,47164.954,47230.96,42606.873,45870.503,..,..,..,..
CO2 emissions (kt),EN.ATM.CO2E.KT,France,FRA,385368.697,375764.824,369142.222,366325.966,351899.988,353033.091,331804.828,333227.624,334096.703,303275.568,..,..,..,..,..,..
CO2 emissions (kt),EN.ATM.CO2E.KT,French Polynesia,PYF,781.071,781.071,766.403,792.072,795.739,803.073,773.737,751.735,759.069,737.067,766.403,770.07,..,..,..,..
CO2 emissions (kt),EN.ATM.CO2E.KT,Gabon,GAB,4888.111,4173.046,4118.041,4180.38,4253.72,4800.103,4950.45,5056.793,5280.48,5324.484,5262.145,5320.817,..,..,..,..
CO2 emissions (kt),EN.ATM.CO2E.KT,"Gambia, The",GMB,326.363,352.032,352.032,366.7,381.368,432.706,447.374,454.708,432.706,513.38,524.381,531.715,..,..,..,..
CO2 emissions (kt),EN.ATM.CO2E.KT,Georgia,GEO,5067.794,6149.559,6420.917,5364.821,6241.234,6314.574,7990.393,8445.101,8203.079,8980.483,9798.224,10128.254,..,..,..,..
CO2 emissions (kt),EN.ATM.CO2E.KT,Germany,DEU,797759.517,816721.574,781247.016,779296.172,720547.165,757880.892,729810.007,738141.431,757961.566,720363.815,727045.089,727972.84,..,..,..,..
CO2 emissions (kt),EN.ATM.CO2E.KT,Ghana,GHA,6992.969,9358.184,9827.56,9138.164,7708.034,9955.905,11525.381,14862.351,14682.668,15265.721,16552.838,16670.182,..,..,..,..
CO2 emissions (kt),EN.ATM.CO2E.KT,Gibraltar,GIB,399.703,418.038,414.371,425.372,462.042,465.709,451.041,462.042,491.378,528.048,579.386,634.391,..,..,..,..
CO2 emissions (kt),EN.ATM.CO2E.KT,Greece,GRC,98675.303,97285.51,98246.264,95965.39,91942.691,83856.956,79841.591,80050.61,69474.982,67527.805,65059.914,62434.342,..,..,..,..
CO2 emissions (kt),EN.ATM.CO2E.KT,Greenland,GRL,608.722,627.057,638.058,660.06,575.719,663.727,707.731,568.385,553.717,506.046,509.713,509.713,..,..,..,..
CO2 emissions (kt),EN.ATM.CO2E.KT,Grenada,GRD,216.353,231.021,238.355,253.023,253.023,260.357,253.023,271.358,304.361,234.688,260.357,267.691,..,..,..,..
CO2 emissions (kt),EN.ATM.CO2E.KT,Guam,GUM,..,..,..,..,..,..,..,..,..,..,..,..,..,..,..,..
CO2 emissions (kt),EN.ATM.CO2E.KT,Guatemala,GTM,12328.454,12405.461,12398.127,11155.014,11606.055,11400.703,11554.717,11884.747,12918.841,13952.935,15834.106,16776.525,..,..,..,..
CO2 emissions (kt),EN.ATM.CO2E.KT,Guinea,GIN,1826.166,1892.172,1969.179,2189.199,2262.539,2603.57,2779.586,2581.568,2299.209,2383.55,2702.579,2995.939,..,..,..,..
CO2 emissions (kt),EN.ATM.CO2E.KT,Guinea-Bissau,GNB,212.686,216.353,231.021,227.354,234.688,238.355,245.689,253.023,256.69,271.358,278.692,293.36,..,..,..,..
CO2 emissions (kt),EN.ATM.CO2E.KT,Guyana,GUY,1437.464,1290.784,1562.142,1558.475,1565.809,1719.823,1782.162,1994.848,1936.176,2009.516,2016.85,2383.55,..,..,..,..
CO2 emissions (kt),EN.ATM.CO2E.KT,Haiti,HTI,2075.522,2112.192,2390.884,2398.218,2269.873,2126.86,2093.857,2200.2,2306.543,2808.922,2933.6,2977.604,..,..,..,..
CO2 emissions (kt),EN.ATM.CO2E.KT,Honduras,HND,7554.02,7620.026,8778.798,8672.455,7873.049,8104.07,8789.799,9163.833,9416.856,9508.531,10018.244,9812.892,..,..,..,..
CO2 emissions (kt),EN.ATM.CO2E.KT,"Hong Kong SAR, China",HKG,43871.988,42056.823,43721.641,42991.908,41745.128,40267.327,43369.609,42980.907,44546.716,45749.492,42647.21,43644.634,..,..,..,..
CO2 emissions (kt),EN.ATM.CO2E.KT,Hungary,HUN,58019.274,57384.883,55980.422,54788.647,48510.743,50223.232,48587.75,45206.776,42306.179,41341.758,44418.371,45536.806,..,..,..,..
CO2 emissions (kt),EN.ATM.CO2E.KT,Iceland,ISL,2229.536,2299.209,2310.21,2119.526,2053.52,1961.845,1881.171,1873.837,1899.506,1983.847,1987.514,2064.521,..,..,..,..
CO2 emissions (kt),EN.ATM.CO2E.KT,India,IND,1222563.132,1303717.509,1407607.286,1568379.567,1738645.711,1719690.988,1836561.945,2013788.055,2030971.617,2232729.957,2337749.17,2407671.526,..,..,..,..
CO2 emissions (kt),EN.ATM.CO2E.KT,Indonesia,IDN,341991.754,345119.705,375544.804,416560.199,446420.58,428760.308,509969.69,529632.144,415012.725,369945.295,512749.276,563324.54,..,..,..,..
CO2 emissions (kt),EN.ATM.CO2E.KT,"Iran, Islamic Rep.",IRN,468807.615,509338.966,519324.207,541582.897,554278.051,573031.089,589055.879,611761.943,619524.982,652392.303,650078.426,661710.15,..,..,..,..
CO2 emissions (kt),EN.ATM.CO2E.KT,Iraq,IRQ,113522.986,98770.645,62155.65,93149.134,104546.17,112195.532,136830.438,154446.706,165612.721,166628.48,167273.872,190060.61,..,..,..,..
CO2 emissions (kt),EN.ATM.CO2E.KT,Ireland,IRL,43464.951,43145.922,44469.709,43083.583,40480.013,40058.308,35635.906,35588.235,34873.17,34004.091,35907.264,37711.428,..,..,..,..
CO2 emissions (kt),EN.ATM.CO2E.KT,Isle of Man,IMN,..,..,..,..,..,..,..,..,..,..,..,..,..,..,..,..
CO2 emissions (kt),EN.ATM.CO2E.KT,Israel,ISR,56952.177,62471.012,63072.4,68264.872,64469.527,68880.928,69130.284,75529.199,66039.003,62881.716,66207.685,65166.257,..,..,..,..
CO2 emissions (kt),EN.ATM.CO2E.KT,Italy,ITA,473384.031,469346.664,462676.391,447186.983,401591.505,405361.181,397994.178,369468.585,345317.723,320411.459,..,..,..,..,..,..
CO2 emissions (kt),EN.ATM.CO2E.KT,Jamaica,JAM,10498.621,11496.045,9651.544,10007.243,7601.691,7161.651,7730.036,7370.67,8001.394,7293.663,7572.355,8225.081,..,..,..,..
CO2 emissions (kt),EN.ATM.CO2E.KT,Japan,JPN,1240945.803,1234755.907,1251554.434,1211756.483,1105314.474,1172611.258,1190469.548,1229622.107,1244616.47,1206674.021,1163803.124,1135886.253,..,..,..,..
CO2 emissions (kt),EN.ATM.CO2E.KT,Jordan,JOR,21059.581,21121.92,22035.003,21349.274,21891.99,21180.592,21668.303,24444.222,24462.557,26571.082,26200.715,25107.949,..,..,..,..
CO2 emissions (kt),EN.ATM.CO2E.KT,Kazakhstan,KAZ,177328.786,192631.177,222348.545,232806.829,213338.726,248549.26,259058.882,242971.753,262846.893,248395.246,242091.673,247207.138,..,..,..,..
CO2 emissions (kt),EN.ATM.CO2E.KT,Kenya,KEN,8562.445,9574.537,9831.227,10241.931,12354.123,12174.44,13457.89,12541.14,13333.212,14436.979,17018.547,17909.628,..,..,..,..
CO2 emissions (kt),EN.ATM.CO2E.KT,Kiribati,KIR,58.672,66.006,58.672,66.006,55.005,58.672,55.005,51.338,51.338,58.672,62.339,66.006,..,..,..,..
CO2 emissions (kt),EN.ATM.CO2E.KT,"Korea, Dem. People’s Rep.",PRK,75573.203,76900.657,64227.505,71132.466,54355.941,50776.949,36989.029,38378.822,27803.194,31349.183,25423.311,28283.571,..,..,..,..
CO2 emissions (kt),EN.ATM.CO2E.KT,"Korea, Rep.",KOR,462918.413,470655.783,495675.724,507589.807,508862.256,566716.515,589400.577,583966.083,592499.192,587156.373,597354.3,620302.386,..,..,..,..
CO2 emissions (kt),EN.ATM.CO2E.KT,Kosovo,XKX,..,..,..,7455.011,8192.078,8426.766,8368.094,7942.722,8074.734,7260.66,8408.431,8943.813,..,..,..,..
CO2 emissions (kt),EN.ATM.CO2E.KT,Kuwait,KWT,71546.837,73769.039,75235.839,82731.187,87303.936,89625.147,86658.544,100516.137,94821.286,88371.033,92984.119,98733.975,..,..,..,..
CO2 emissions (kt),EN.ATM.CO2E.KT,Kyrgyz Republic,KGZ,5592.175,5507.834,6629.936,7660.363,6791.284,6384.247,7656.696,10131.921,9842.228,10289.602,10447.283,9787.223,..,..,..,..
CO2 emissions (kt),EN.ATM.CO2E.KT,Lao PDR,LAO,1364.124,1796.83,1877.504,2174.531,2783.253,3142.619,3325.969,3582.659,4184.047,4554.414,9046.489,17762.948,..,..,..,..
CO2 emissions (kt),EN.ATM.CO2E.KT,Latvia,LVA,7506.349,8012.395,8316.756,7902.385,7231.324,8074.734,7293.663,7062.642,7080.977,6926.963,7007.637,7003.97,..,..,..,..
CO2 emissions (kt),EN.ATM.CO2E.KT,Lebanon,LBN,16208.14,14458.981,13461.557,17227.566,20872.564,20047.489,20469.194,22632.724,22581.386,24070.188,24469.891,24796.254,..,..,..,..
CO2 emissions (kt),EN.ATM.CO2E.KT,Lesotho,LSO,2013.183,2038.852,2075.522,2126.86,2218.535,2277.207,2328.545,2398.218,2423.887,2431.221,2346.88,2511.895,..,..,..,..
CO2 emissions (kt),EN.ATM.CO2E.KT,Liberia,LBR,671.061,689.396,645.392,546.383,484.044,770.07,861.745,979.089,898.415,1224.778,1239.446,1386.126,..,..,..,..
CO2 emissions (kt),EN.ATM.CO2E.KT,Libya,LBY,52108.07,53270.509,49959.208,56013.425,57978.937,61961.299,39702.609,52683.789,56266.448,59489.741,56996.181,50564.263,..,..,..,..
CO2 emissions (kt),EN.ATM.CO2E.KT,Liechtenstein,LIE,..,..,69.673,69.673,55.005,58.672,51.338,55.005,55.005,47.671,51.338,51.338,..,..,..,..
CO2 emissions (kt),EN.ATM.CO2E.KT,Lithuania,LTU,13901.597,14158.287,15166.712,15009.031,12519.138,13468.891,13787.92,13831.924,12640.149,12838.167,13083.856,12962.845,..,..,..,..
CO2 emissions (kt),EN.ATM.CO2E.KT,Luxembourg,LUX,11547.383,11349.365,11019.335,10938.661,10392.278,10967.997,10894.657,10593.963,10051.247,9662.545,9251.841,8987.817,..,..,..,..
CO2 emissions (kt),EN.ATM.CO2E.KT,"Macao SAR, China",MAC,1829.833,1620.814,1364.124,1133.103,1892.172,1235.779,1510.804,1345.789,1272.449,1576.81,2090.19,2068.188,..,..,..,..
CO2 emissions (kt),EN.ATM.CO2E.KT,Madagascar,MDG,1741.825,1683.153,1815.165,1888.505,1771.161,1958.178,2401.885,2768.585,3171.955,3300.3,3644.998,3905.355,..,..,..,..
CO2 emissions (kt),EN.ATM.CO2E.KT,Malawi,MWI,924.084,938.752,990.09,1114.768,1122.102,1048.762,1169.773,1162.439,1188.108,1052.429,1151.438,1298.118,..,..,..,..
CO2 emissions (kt),EN.ATM.CO2E.KT,Malaysia,MYS,183188.652,180108.372,184816.8,204031.88,198876.078,219506.62,220405.035,218707.214,236510.499,242671.059,234823.679,248288.903,..,..,..,..
CO2 emissions (kt),EN.ATM.CO2E.KT,Maldives,MDV,601.388,759.069,781.071,843.41,883.747,935.085,986.423,1111.101,1092.766,1316.453,1301.785,1444.798,..,..,..,..
CO2 emissions (kt),EN.ATM.CO2E.KT,Mali,MLI,916.75,1081.765,1298.118,1558.475,1785.829,1976.513,2159.863,2299.209,2698.912,2981.271,3168.288,3179.289,..,..,..,..
CO2 emissions (kt),EN.ATM.CO2E.KT,Malta,MLT,2698.912,2574.234,2724.581,2559.566,2478.892,2559.566,2548.565,2680.577,2346.88,2346.88,1620.814,1342.122,..,..,..,..
CO2 emissions (kt),EN.ATM.CO2E.KT,Marshall Islands,MHL,113.677,121.011,124.678,128.345,132.012,135.679,139.346,135.679,139.346,143.013,143.013,143.013,..,..,..,..
CO2 emissions (kt),EN.ATM.CO2E.KT,Mauritania,MRT,1587.811,1609.813,1844.501,1936.176,2123.193,2236.87,2394.551,2647.574,2390.884,2933.6,2893.263,2739.249,..,..,..,..
CO2 emissions (kt),EN.ATM.CO2E.KT,Mauritius,MUS,3296.633,3630.33,3689.002,3769.676,3711.004,3916.356,3920.023,3967.694,4070.37,4209.716,4213.383,4349.062,..,..,..,..
CO2 emissions (kt),EN.ATM.CO2E.KT,Mexico,MEX,466361.726,479251.231,480520.013,493251.837,475950.931,464308.206,484429.035,496324.783,490340.239,481499.102,482947.567,486405.548,..,..,..,..
CO2 emissions (kt),EN.ATM.CO2E.KT,"Micronesia, Fed. Sts.",FSM,121.011,121.011,132.012,110.01,146.68,102.676,117.344,124.678,135.679,135.679,143.013,143.013,..,..,..,..
CO2 emissions (kt),EN.ATM.CO2E.KT,Moldova,MDA,4895.445,4994.454,4679.092,4778.101,4550.747,4932.115,5020.123,4924.781,4998.121,4928.448,4943.116,5115.465,..,..,..,..
CO2 emissions (kt),EN.ATM.CO2E.KT,Monaco,MCO,..,..,..,..,..,..,..,..,..,..,..,..,..,..,..,..
CO2 emissions (kt),EN.ATM.CO2E.KT,Mongolia,MNG,8562.445,9394.854,12064.43,12038.761,13102.191,13820.923,21499.621,35074.855,43626.299,29633.027,23285.45,25368.306,..,..,..,..
CO2 emissions (kt),EN.ATM.CO2E.KT,Montenegro,MNE,2057.187,2064.521,2057.187,2607.237,1683.153,2423.887,2409.219,2214.868,2152.529,2108.525,2240.537,2016.85,..,..,..,..
CO2 emissions (kt),EN.ATM.CO2E.KT,Morocco,MAR,45771.494,47425.311,50267.236,52900.142,52482.104,55958.42,56699.154,59273.388,58987.362,59882.11,61271.903,61275.57,..,..,..,..
CO2 emissions (kt),EN.ATM.CO2E.KT,Mozambique,MOZ,1822.499,1980.18,2262.539,2266.206,2530.23,2735.582,3223.293,3120.617,4202.382,8434.1,6486.923,7942.722,..,..,..,..
CO2 emissions (kt),EN.ATM.CO2E.KT,Myanmar,MMR,11595.054,12852.835,12874.837,9809.225,10241.931,13157.196,15144.71,12024.093,13083.856,16347.486,22299.027,25280.298,..,..,..,..
CO2 emissions (kt),EN.ATM.CO2E.KT,Namibia,NAM,2310.21,2332.212,2361.548,3325.969,3069.279,3102.282,2830.924,3384.641,2629.239,3740.34,3989.696,4228.051,..,..,..,..
CO2 emissions (kt),EN.ATM.CO2E.KT,Nauru,NRU,62.339,44.004,44.004,44.004,40.337,44.004,40.337,40.337,44.004,47.671,47.671,47.671,..,..,..,..
CO2 emissions (kt),EN.ATM.CO2E.KT,Nepal,NPL,3083.947,2563.233,2614.571,3421.311,4334.394,5056.793,5533.503,5856.199,6637.27,8030.73,6252.235,9105.161,..,..,..,..
CO2 emissions (kt),EN.ATM.CO2E.KT,Netherlands,NLD,181927.204,180211.048,177427.795,177622.146,173999.15,185355.849,175704.305,171765.947,173625.116,168883.685,172492.013,170779.524,..,..,..,..
CO2 emissions (kt),EN.ATM.CO2E.KT,New Caledonia,NCL,2823.59,2720.914,2944.601,2867.594,2951.935,3578.992,3560.657,3655.999,3861.351,4888.111,4752.432,5328.151,..,..,..,..
CO2 emissions (kt),EN.ATM.CO2E.KT,New Zealand,NZL,34139.77,33446.707,33637.391,34202.109,32386.944,31752.553,31484.862,34139.77,33443.04,34656.817,34887.838,34381.792,..,..,..,..
CO2 emissions (kt),EN.ATM.CO2E.KT,Nicaragua,NIC,4319.726,4470.073,4605.752,4422.402,4503.076,4536.079,4884.444,4616.753,4426.069,4679.092,5331.818,5592.175,..,..,..,..
CO2 emissions (kt),EN.ATM.CO2E.KT,Niger,NER,715.065,693.063,722.399,810.407,968.088,1173.44,1331.121,1763.827,1895.839,2053.52,2027.851,2016.85,..,..,..,..
CO2 emissions (kt),EN.ATM.CO2E.KT,Nigeria,NGA,106119.313,98238.93,94868.957,95987.392,76079.249,114150.043,131685.637,119008.818,124329.635,130130.829,115928.538,120369.275,..,..,..,..
CO2 emissions (kt),EN.ATM.CO2E.KT,North Macedonia,MKD,11279.692,10938.661,9493.863,9402.188,8698.124,8602.782,9306.846,8815.468,7858.381,7539.352,7099.312,7051.641,..,..,..,..
CO2 emissions (kt),EN.ATM.CO2E.KT,Northern Mariana Islands,MNP,..,..,..,..,..,..,..,..,..,..,..,..,..,..,..,..
CO2 emissions (kt),EN.ATM.CO2E.KT,Norway,NOR,42438.191,44257.023,45089.432,55690.729,55346.031,49423.826,42394.187,44499.045,48232.051,47924.023,47212.625,41022.729,..,..,..,..
CO2 emissions (kt),EN.ATM.CO2E.KT,Oman,OMN,29893.384,39603.6,44198.351,42705.882,41103.403,47417.977,54029.578,59658.423,62041.973,61220.565,65386.277,63457.435,..,..,..,..
CO2 emissions (kt),EN.ATM.CO2E.KT,Pakistan,PAK,136636.087,146074.945,158894.777,159070.793,158836.105,169466.738,171615.6,170126.798,174857.228,182414.915,188542.472,201149.618,..,..,..,..
CO2 emissions (kt),EN.ATM.CO2E.KT,Palau,PLW,220.02,227.354,253.023,205.352,198.018,209.019,216.353,216.353,220.02,223.687,223.687,223.687,..,..,..,..
CO2 emissions (kt),EN.ATM.CO2E.KT,Panama,PAN,6838.955,7469.679,7304.664,7506.349,8599.115,9237.173,10150.256,10029.245,11635.391,11107.343,11129.345,10714.974,..,..,..,..
CO2 emissions (kt),EN.ATM.CO2E.KT,Papua New Guinea,PNG,4385.732,4308.725,6120.223,4796.436,5093.463,4763.433,5328.151,5078.795,5258.478,5874.534,7480.68,7535.685,..,..,..,..
CO2 emissions (kt),EN.ATM.CO2E.KT,Paraguay,PRY,3832.015,3986.029,4136.376,4451.738,4561.748,5097.13,5320.817,5284.147,5434.494,5702.185,6303.573,7407.34,..,..,..,..
CO2 emissions (kt),EN.ATM.CO2E.KT,Peru,PER,37135.709,28723.611,35071.188,41352.759,52067.733,58066.945,49900.536,55261.69,46816.589,51330.666,52636.118,57414.219,..,..,..,..
CO2 emissions (kt),EN.ATM.CO2E.KT,Philippines,PHL,74832.469,67692.82,72170.227,78858.835,78294.117,84887.383,85705.124,90684.91,98275.6,104516.834,117120.313,122287.116,..,..,..,..
CO2 emissions (kt),EN.ATM.CO2E.KT,Poland,POL,302538.501,318940.992,314272.901,314848.62,297617.387,316264.082,317037.819,299920.263,302344.15,285937.992,285659.3,299036.516,..,..,..,..
CO2 emissions (kt),EN.ATM.CO2E.KT,Portugal,PRT,65279.934,59816.104,60149.801,55624.723,54176.258,48136.709,47623.329,46013.516,45426.796,44656.726,49258.811,48741.764,..,..,..,..
CO2 emissions (kt),EN.ATM.CO2E.KT,Puerto Rico,PRI,..,..,..,..,..,..,..,..,..,..,..,..,..,..,..,..
CO2 emissions (kt),EN.ATM.CO2E.KT,Qatar,QAT,50956.632,63475.77,63277.752,64843.561,69221.959,72507.591,80435.645,94124.556,85023.062,107032.396,106841.712,103259.053,..,..,..,..
CO2 emissions (kt),EN.ATM.CO2E.KT,Romania,ROU,96456.768,103350.728,102224.959,96365.093,81576.082,79412.552,85268.751,81722.762,70945.449,69489.65,71715.519,69258.629,..,..,..,..
CO2 emissions (kt),EN.ATM.CO2E.KT,Russian Federation,RUS,1615089.813,1669262.404,1666886.188,1714978.893,1574045.082,1670531.186,1763405.295,1807244.28,1739426.782,1736984.56,1698213.369,1732026.776,..,..,..,..
CO2 emissions (kt),EN.ATM.CO2E.KT,Rwanda,RWA,528.048,528.048,557.384,542.716,575.719,590.387,663.727,740.734,817.741,847.077,960.754,1114.768,..,..,..,..
CO2 emissions (kt),EN.ATM.CO2E.KT,Samoa,WSM,161.348,165.015,172.349,179.683,187.017,187.017,201.685,198.018,198.018,209.019,234.688,245.689,..,..,..,..
CO2 emissions (kt),EN.ATM.CO2E.KT,San Marino,SMR,..,..,..,..,..,..,..,..,..,..,..,..,..,..,..,..
CO2 emissions (kt),EN.ATM.CO2E.KT,Sao Tome and Principe,STP,77.007,84.341,84.341,84.341,91.675,99.009,102.676,113.677,113.677,113.677,113.677,121.011,..,..,..,..
CO2 emissions (kt),EN.ATM.CO2E.KT,Saudi Arabia,SAU,397642.146,432739.003,387777.916,430175.77,468965.296,518491.798,499878.106,564842.678,541047.515,601046.969,647111.823,563449.218,..,..,..,..
CO2 emissions (kt),EN.ATM.CO2E.KT,Senegal,SEN,5812.195,4730.43,5181.471,5093.463,4723.096,7744.704,8368.094,7913.386,8434.1,9376.519,10637.967,10901.991,..,..,..,..
CO2 emissions (kt),EN.ATM.CO2E.KT,Serbia,SRB,..,61066.551,59805.103,51803.709,45932.842,45745.825,49009.455,43794.981,44605.388,37352.062,43919.659,45221.444,..,..,..,..
CO2 emissions (kt),EN.ATM.CO2E.KT,Seychelles,SYC,689.396,733.4,641.725,693.063,524.381,443.707,326.363,421.705,330.03,487.711,491.378,605.055,..,..,..,..
CO2 emissions (kt),EN.ATM.CO2E.KT,Sierra Leone,SLE,546.383,733.4,641.725,663.727,652.726,726.066,898.415,1030.427,1191.775,1309.119,1067.097,1092.766,..,..,..,..
CO2 emissions (kt),EN.ATM.CO2E.KT,Singapore,SGP,30359.093,30799.133,19926.478,36134.618,58642.664,58319.968,46761.584,49992.211,56112.434,56644.149,61451.586,37535.412,..,..,..,..
CO2 emissions (kt),EN.ATM.CO2E.KT,Sint Maarten (Dutch part),SXM,..,..,..,..,..,..,..,696.73,715.065,733.4,..,..,..,..,..,..
CO2 emissions (kt),EN.ATM.CO2E.KT,Slovak Republic,SVK,39357.911,39104.888,36780.01,37711.428,34037.094,36240.961,34524.805,32804.982,33091.008,30678.122,31283.177,32423.614,..,..,..,..
CO2 emissions (kt),EN.ATM.CO2E.KT,Slovenia,SVN,15867.109,16244.81,16244.81,17355.911,15280.389,15335.394,15159.378,14675.334,13890.596,12482.468,12530.139,12632.815,..,..,..,..
CO2 emissions (kt),EN.ATM.CO2E.KT,Solomon Islands,SLB,161.348,165.015,179.683,179.683,179.683,187.017,183.35,183.35,194.351,194.351,190.684,168.682,..,..,..,..
CO2 emissions (kt),EN.ATM.CO2E.KT,Somalia,SOM,594.054,594.054,608.722,601.388,597.721,612.389,612.389,608.722,630.724,630.724,630.724,645.392,..,..,..,..
CO2 emissions (kt),EN.ATM.CO2E.KT,South Africa,ZAF,416915.898,447894.714,466578.079,496772.157,503112.4,469816.04,477370.06,464674.906,459222.077,484495.041,463952.507,476643.994,..,..,..,..
CO2 emissions (kt),EN.ATM.CO2E.KT,South Sudan,SSD,..,..,..,..,..,..,..,1331.121,1448.465,1536.473,1943.51,1727.157,..,..,..,..
CO2 emissions (kt),EN.ATM.CO2E.KT,Spain,ESP,353462.13,350037.152,358236.564,329285.599,288237.201,270910.626,270547.593,264779.402,237034.88,233976.602,250496.437,244002.18,..,..,..,..
CO2 emissions (kt),EN.ATM.CO2E.KT,Sri Lanka,LKA,12101.1,11976.422,12354.123,12207.443,13175.531,13263.539,15137.376,16061.46,14913.689,17924.296,20113.495,23362.457,..,..,..,..
CO2 emissions (kt),EN.ATM.CO2E.KT,St. Kitts and Nevis,KNA,198.018,201.685,216.353,216.353,223.687,220.02,231.021,220.02,223.687,231.021,234.688,238.355,..,..,..,..
CO2 emissions (kt),EN.ATM.CO2E.KT,St. Lucia,LCA,366.7,366.7,385.035,396.036,385.035,403.37,407.037,407.037,407.037,407.037,410.704,414.371,..,..,..,..
CO2 emissions (kt),EN.ATM.CO2E.KT,St. Martin (French part),MAF,..,..,..,..,..,..,..,..,..,..,..,..,..,..,..,..
CO2 emissions (kt),EN.ATM.CO2E.KT,St. Vincent and the Grenadines,VCT,220.02,220.02,227.354,227.354,311.695,220.02,198.018,253.023,209.019,220.02,220.02,220.02,..,..,..,..
CO2 emissions (kt),EN.ATM.CO2E.KT,Sudan,SDN,10982.665,12013.092,14125.284,14913.689,15562.748,15940.449,15658.09,14642.331,15474.74,15837.773,19816.468,19999.818,..,..,..,..
CO2 emissions (kt),EN.ATM.CO2E.KT,Suriname,SUR,1595.145,1745.492,1763.827,1943.51,2002.182,2401.885,1804.164,2266.206,2108.525,2244.204,1723.49,1738.158,..,..,..,..
CO2 emissions (kt),EN.ATM.CO2E.KT,Sweden,SWE,51561.687,49570.506,48059.702,49123.132,43065.248,52023.729,51734.036,47047.61,44847.41,43483.286,38180.804,43252.265,..,..,..,..
CO2 emissions (kt),EN.ATM.CO2E.KT,Switzerland,CHE,41444.434,41994.484,38107.464,40509.349,41767.13,39141.558,37183.38,37854.441,40432.342,35679.91,35672.576,34477.134,..,..,..,..
CO2 emissions (kt),EN.ATM.CO2E.KT,Syrian Arab Republic,SYR,50626.602,53582.204,66468.042,67681.819,62331.666,61605.6,56908.173,44730.066,36438.979,30703.791,29295.663,28829.954,..,..,..,..
CO2 emissions (kt),EN.ATM.CO2E.KT,Tajikistan,TJK,2442.222,2658.575,3234.294,2900.597,2449.556,2537.564,2346.88,2929.933,2911.598,4620.42,5005.455,5309.816,..,..,..,..
CO2 emissions (kt),EN.ATM.CO2E.KT,Tanzania,TZA,5504.167,6028.548,5896.536,6142.225,5918.538,7106.646,8093.069,9545.201,11177.016,11562.051,12933.509,11972.755,..,..,..,..
CO2 emissions (kt),EN.ATM.CO2E.KT,Thailand,THA,227493.346,231127.343,234027.94,230951.327,246114.372,258901.201,256264.628,273088.824,287217.775,280976.541,284364.849,283763.461,..,..,..,..
CO2 emissions (kt),EN.ATM.CO2E.KT,Timor-Leste,TLS,176.016,179.683,183.35,201.685,227.354,234.688,245.689,293.36,443.707,513.38,502.379,495.045,..,..,..,..
CO2 emissions (kt),EN.ATM.CO2E.KT,Togo,TGO,1338.455,1221.111,1408.128,1683.153,2783.253,2636.573,2478.892,2409.219,2559.566,2588.902,2636.573,2999.606,..,..,..,..
CO2 emissions (kt),EN.ATM.CO2E.KT,Tonga,TON,113.677,128.345,113.677,121.011,132.012,117.344,102.676,106.343,113.677,113.677,121.011,128.345,..,..,..,..
CO2 emissions (kt),EN.ATM.CO2E.KT,Trinidad and Tobago,TTO,38151.468,42676.546,45474.467,44385.368,44895.081,47931.357,46933.933,45419.462,46537.897,46266.539,46255.538,43868.321,..,..,..,..
CO2 emissions (kt),EN.ATM.CO2E.KT,Tunisia,TUN,22662.06,22992.09,24110.525,24825.59,24788.92,27660.181,26021.032,27003.788,27667.515,28829.954,30252.75,29937.388,..,..,..,..
CO2 emissions (kt),EN.ATM.CO2E.KT,Turkey,TUR,237390.579,261614.781,284808.556,283979.814,280683.181,296315.602,321122.857,327437.431,325424.248,345908.11,350337.846,372724.881,..,..,..,..
CO2 emissions (kt),EN.ATM.CO2E.KT,Turkmenistan,TKM,48338.394,49511.834,56042.761,56831.166,50340.576,57289.541,62467.345,64872.897,66735.733,68426.22,70674.091,70630.087,..,..,..,..
CO2 emissions (kt),EN.ATM.CO2E.KT,Turks and Caicos Islands,TCA,121.011,143.013,165.015,172.349,179.683,183.35,183.35,183.35,187.017,198.018,205.352,216.353,..,..,..,..
CO2 emissions (kt),EN.ATM.CO2E.KT,Tuvalu,TUV,11.001,7.334,11.001,11.001,11.001,7.334,7.334,11.001,11.001,11.001,11.001,11.001,..,..,..,..
CO2 emissions (kt),EN.ATM.CO2E.KT,Uganda,UGA,2170.864,2537.564,2889.596,3190.29,3380.974,3920.023,4264.721,4088.705,4407.734,4774.434,5342.819,5680.183,..,..,..,..
CO2 emissions (kt),EN.ATM.CO2E.KT,Ukraine,UKR,333876.683,326429.006,321258.536,311023.939,260100.31,304643.359,286392.7,295791.221,271875.047,228468.768,196283.509,202249.718,..,..,..,..
CO2 emissions (kt),EN.ATM.CO2E.KT,United Arab Emirates,ARE,116071.551,123728.247,135554.322,157167.62,168274.963,158623.419,171626.601,219792.646,220713.063,226143.89,194765.371,206323.755,..,..,..,..
CO2 emissions (kt),EN.ATM.CO2E.KT,United Kingdom,GBR,542580.321,541458.219,528425.701,521652.752,471389.183,492676.118,447440.006,468261.232,455940.112,419743.155,405038.485,379024.787,..,..,..,..
CO2 emissions (kt),EN.ATM.CO2E.KT,United States,USA,5789727.291,5697285.888,5789030.561,5614110.994,5263505.457,5395532.125,5270047.385,5081999.958,5170359.99,5225412.661,5126913.374,5006302.077,..,..,..,..
CO2 emissions (kt),EN.ATM.CO2E.KT,Uruguay,URY,5775.525,6648.271,6002.879,8265.418,8060.066,6387.914,7763.039,8694.457,7587.023,6747.28,6699.609,6765.615,..,..,..,..
CO2 emissions (kt),EN.ATM.CO2E.KT,Uzbekistan,UZB,117230.323,120288.601,120200.593,123900.596,107131.405,104168.469,113684.334,115814.861,103354.395,105213.564,102929.023,91810.679,..,..,..,..
CO2 emissions (kt),EN.ATM.CO2E.KT,Vanuatu,VUT,58.672,47.671,99.009,95.342,121.011,121.011,132.012,113.677,106.343,154.014,132.012,146.68,..,..,..,..
CO2 emissions (kt),EN.ATM.CO2E.KT,"Venezuela, RB",VEN,164380.609,170640.178,162037.396,180475.072,181065.459,190361.304,171362.577,192040.79,183944.054,185113.827,171894.292,164175.257,..,..,..,..
CO2 emissions (kt),EN.ATM.CO2E.KT,Vietnam,VNM,98143.588,102742.006,104872.533,117996.726,128631.026,142737.975,152169.499,142631.632,147230.05,167336.211,188329.786,192667.847,..,..,..,..
CO2 emissions (kt),EN.ATM.CO2E.KT,Virgin Islands (U.S.),VIR,..,..,..,..,..,..,..,..,..,..,..,..,..,..,..,..
CO2 emissions (kt),EN.ATM.CO2E.KT,West Bank and Gaza,PSE,2742.916,2266.206,2324.878,2053.52,2090.19,2035.185,2247.871,2200.2,2438.555,2838.258,3006.94,3234.294,..,..,..,..
CO2 emissions (kt),EN.ATM.CO2E.KT,"Yemen, Rep.",YEM,20043.822,21316.271,20971.573,22339.364,24565.233,23432.13,20612.207,18698.033,25492.984,24667.909,13171.864,10608.631,..,..,..,..
CO2 emissions (kt),EN.ATM.CO2E.KT,Zambia,ZMB,2288.208,2291.875,1928.842,2170.864,2508.228,2691.578,2922.599,3678.001,3956.693,4503.076,4532.412,5141.134,..,..,..,..
CO2 emissions (kt),EN.ATM.CO2E.KT,Zimbabwe,ZWE,10769.979,10447.283,9886.232,7770.373,5603.176,7803.376,9622.208,7873.049,11771.07,12115.768,12317.453,10982.665,..,..,..,..
CO2 emissions (kt),EN.ATM.CO2E.KT,Arab World,ARB,1318939.226,1382459,1360284.651,1491783.271,1581643.106,1643369.717,1660509.275,1841219.035,1823115.056,1932296.314,1953773.933,1904104.418,..,..,..,..
CO2 emissions (kt),EN.ATM.CO2E.KT,Caribbean small states,CSS,56842.167,62397.672,63805.8,64051.489,61715.61,65419.28,63937.812,62746.037,65254.265,63710.458,63266.751,61722.944,..,..,..,..
CO2 emissions (kt),EN.ATM.CO2E.KT,Central Europe and the Baltics,CEB,741005.358,767063.06,766714.695,751049.271,682626.718,713832.888,717019.511,678629.688,660844.738,634262.655,643961.87,656858.709,..,..,..,..
CO2 emissions (kt),EN.ATM.CO2E.KT,Early-demographic dividend,EAR,5002330.716,5275272.86,5484214.853,5871105.355,6106486.418,6173610.853,6417011.645,6767855.537,6644240.967,7002352.853,7309544.777,7422679.061,..,..,..,..
CO2 emissions (kt),EN.ATM.CO2E.KT,East Asia & Pacific,EAS,9362921.04986078,10008085.9884849,10281497.767678,11205668.3163368,11156119.8133807,12549251.4631969,13629697.1391833,13991440.0924722,14166073.9892175,14131065.7783637,14125802.075244,13955922.0176925,..,..,..,..
CO2 emissions (kt),EN.ATM.CO2E.KT,East Asia & Pacific (excluding high income),EAP,6929102.53389267,7566735.83292834,7772136.77809504,8707515.63775817,8748576.02451514,10004234.7018944,11048097.0322578,11385465.4810615,11544822.4665854,11555273.6680016,11582531.1347127,11421388.2772275,..,..,..,..
CO2 emissions (kt),EN.ATM.CO2E.KT,East Asia & Pacific (IDA & IBRD countries),TEA,6853645.002,7489924.507,7708019.332,8636423.058,8694247.981,9953470.112,11011098.918,11347069.458,11517005.572,11523917.867,11557100.55,11393101.309,..,..,..,..
CO2 emissions (kt),EN.ATM.CO2E.KT,Euro area,EMU,2751595.789,2752534.541,2705219.24,2641688.465,2442731.713,2496482.599,2400388.864,2351221.728,2309388.592,2191967.585,2237357.44955281,2228500.89061568,..,..,..,..
CO2 emissions (kt),EN.ATM.CO2E.KT,Europe & Central Asia,ECS,6879559.03194682,7015318.80322482,6985332.2910344,6965499.49830496,6399238.80692409,6697917.01146453,6686151.95713463,6661329.71146263,6508718.05195837,6280567.76905297,6224889.12131441,6269012.20782758,..,..,..,..
CO2 emissions (kt),EN.ATM.CO2E.KT,Europe & Central Asia (excluding high income),ECA,2792648.49675257,2896398.72519394,2941111.74656438,2994923.241,2735409.651,2934784.441,3078948.879,3119439.893,3028791.653,2989433.742,2920996.521,2979371.494,..,..,..,..
CO2 emissions (kt),EN.ATM.CO2E.KT,Europe & Central Asia (IDA & IBRD countries),TEC,3214135.47855332,3341352.76803393,3381468.96379847,3428729.341,3135769.044,3350633.242,3501170.926,3519128.225,3419682.852,3361766.254,3295683.247,3365154.562,..,..,..,..
CO2 emissions (kt),EN.ATM.CO2E.KT,European Union,EUU,3497837.623,3530492.258,3475446.921,3394285.21,3129531.477,3217253.451,3120936.029,3027805.23,2966298.639,2821760.167,2867173.26688163,2881620.53582915,..,..,..,..
CO2 emissions (kt),EN.ATM.CO2E.KT,Fragile and conflict affected situations,FCS,596101.984647867,586257.294459184,552632.507878658,613405.114016789,613401.413879172,679474.771306819,682830.796125483,703603.368707597,722116.817168544,740973.722782267,715668.686106741,738491.967871883,..,..,..,..
CO2 emissions (kt),EN.ATM.CO2E.KT,Heavily indebted poor countries (HIPC),HPC,101183.531,109720.307,116881.958,121828.741,126141.133,141032.82,153621.631,164310.936,172569.02,188788.161,199382.124,204424.249,..,..,..,..
CO2 emissions (kt),EN.ATM.CO2E.KT,High income,HIC,13760173.5447511,13800439.2068021,13875575.8068105,13687132.5746986,12955610.9337259,13385297.8105746,13148467.6747161,13065658.3416087,13071380.8371316,12985385.4663507,12909420.4375356,12669524.3737658,..,..,..,..
CO2 emissions (kt),EN.ATM.CO2E.KT,IBRD only,IBD,14075502.9164165,15023119.614,15419500.312,16746591.279,16721105.629,18251850.775,19638233.465,20305462.45,20457569.61,20731974.887,20741010.375,20735704.226,..,..,..,..
CO2 emissions (kt),EN.ATM.CO2E.KT,IDA & IBRD total,IBT,14706390.2295579,15675953.6112271,16109569.7534087,17450702.4093913,17396251.1379567,18997748.1143991,20428722.0976156,21080478.9777206,21246496.9866507,21559429.8538766,21580969.0506066,21601125.1308034,..,..,..,..
CO2 emissions (kt),EN.ATM.CO2E.KT,IDA blend,IDB,391041.546,396743.731,409732.245,411228.381,376215.865,424348.907,456908.2,442386.88,444532.075,463831.496,459596.111,465496.314,..,..,..,..
CO2 emissions (kt),EN.ATM.CO2E.KT,IDA only,IDX,235184.047502245,251222.886109888,276066.836830379,287796.790787053,293965.433760317,316052.675015826,327485.325933686,326163.739780693,337979.278549006,357268.970488614,374182.207972468,393950.156737025,..,..,..,..
CO2 emissions (kt),EN.ATM.CO2E.KT,IDA total,IDA,628598.8227941,650094.045725073,687626.574112372,700620.9036616,671438.536014233,741922.219323214,786115.514645231,770157.851941089,784083.128130459,822720.970282621,835298.758187495,860923.186085275,..,..,..,..
CO2 emissions (kt),EN.ATM.CO2E.KT,Late-demographic dividend,LTE,9898776.61330432,10689357.0223313,10920929.6421027,11936792.8545075,11727906.5853075,13224873.8355781,14358166.2007131,14801401.8812938,15046640.8884542,15094428.9926569,14877212.3486291,14680565.3508119,..,..,..,..
CO2 emissions (kt),EN.ATM.CO2E.KT,Latin America & Caribbean,LCN,1525959.79569959,1567338.8545125,1593209.14033806,1681479.25527473,1645991.81816543,1731757.15647131,1754657.43969454,1828721.41436417,1865757.19546326,1890997.74031123,1872709.99150542,1836828.16712436,..,..,..,..
CO2 emissions (kt),EN.ATM.CO2E.KT,Latin America & Caribbean (excluding high income),LAC,1383617.772,1415337.322,1431736.146,1516425.511,1485883.068,1562391.356,1577180.367,1650282.012,1683343.684,1714043.808,1691612.769,1657513.336,..,..,..,..
CO2 emissions (kt),EN.ATM.CO2E.KT,Latin America & the Caribbean (IDA & IBRD countries),TLA,1470822.699,1511086.359,1536883.704,1621188.034,1586769.572,1664829.001,1692635.862,1766397.567,1805124.754,1830401.385,1810478.574,1777196.882,..,..,..,..
CO2 emissions (kt),EN.ATM.CO2E.KT,Least developed countries: UN classification,LDC,159659.810043111,173509.871576724,183973.865293288,194997.231446589,212568.984259294,232773.516674241,246463.22477599,252616.321580099,271433.463001687,304868.848922089,308726.492738066,329491.002432142,..,..,..,..
CO2 emissions (kt),EN.ATM.CO2E.KT,Low & middle income,LMY,14271909.4438852,15210105.3592152,15626291.3877109,16980955.2532272,16947335.2373318,18528063.0413336,19926212.4746085,20601078.4315736,20759874.3998541,21100455.4667057,21111363.0128842,21122439.3270157,..,..,..,..
CO2 emissions (kt),EN.ATM.CO2E.KT,Low income,LIC,192972.621584913,201797.577502929,207668.272567122,222068.875730383,206351.905374893,205307.890015539,190135.623325799,177906.269496847,170766.745821712,178942.288705226,164565.645342573,168202.973650252,..,..,..,..
CO2 emissions (kt),EN.ATM.CO2E.KT,Lower middle income,LMC,2640041.982,2738801.626,2888209.874,3078791.198,3200253.239,3316893.175,3499128.407,3714344.637,3736262.296,3982717.699,4101458.826,4229048.424,..,..,..,..
CO2 emissions (kt),EN.ATM.CO2E.KT,Middle East & North Africa,MEA,1834094.054,1942464.905,1928724.656,2086633.01,2184453.902,2268890.244,2302443.294,2513149.114,2492353.557,2630361.102,2648171.721,2608736.803,..,..,..,..
CO2 emissions (kt),EN.ATM.CO2E.KT,Middle East & North Africa (excluding high income),MNA,1088453.608,1124610.228,1130037.388,1208415.846,1254418.361,1281517.491,1309287.682,1368451.06,1388912.92,1449950.135,1440360.93,1475311.107,..,..,..,..
CO2 emissions (kt),EN.ATM.CO2E.KT,Middle East & North Africa (IDA & IBRD countries),TMN,1085710.692,1122344.022,1127712.51,1206362.326,1252328.171,1279482.306,1307039.811,1366250.86,1386474.365,1447111.877,1437353.99,1472076.813,..,..,..,..
CO2 emissions (kt),EN.ATM.CO2E.KT,Middle income,MIC,14076763.9032362,15005890.9834412,15416150.7054791,16756091.0658309,16737726.5545406,18318574.3428216,19730643.178098,20416983.7842577,20582675.0937905,20915099.1507968,20940045.9899158,20947563.41167,..,..,..,..
CO2 emissions (kt),EN.ATM.CO2E.KT,North America,NAC,6351735.378,6269931.942,6361606.942,6176551.787,5796173.877,5923404.109,5793265.946,5600088.386,5690058.231,5766676.529,5676901.035,5551808.664,..,..,..,..
CO2 emissions (kt),EN.ATM.CO2E.KT,Not classified,INX,..,..,..,..,..,..,..,..,..,..,..,..,..,..,..,..
CO2 emissions (kt),EN.ATM.CO2E.KT,OECD members,OED,13272160.117,13279765.475,13376456.931,13134214.911,12342340.929,12710023.685,12512170.7,12322091.755,12366550.463,12201861.826,12115686.6263473,12004051.8897058,..,..,..,..
CO2 emissions (kt),EN.ATM.CO2E.KT,Other small states,OSS,136444.824076071,148805.666373895,162198.729322894,166858.468262485,163636.465229888,174058.207304433,185169.32531387,195941.285109349,191060.35603022,215553.47748168,210093.767537427,208033.012737402,..,..,..,..
CO2 emissions (kt),EN.ATM.CO2E.KT,Pacific island small states,PSS,2178.198,2310.21,2346.88,2035.185,1994.848,2390.884,2284.541,2240.537,2552.232,2937.267,3465.315,3369.973,..,..,..,..
CO2 emissions (kt),EN.ATM.CO2E.KT,Post-demographic dividend,PST,12563127.332,12504018.959,12560523.762,12306573.011,11526356.422,11902594.289,11636073.062,11439910.564,11458421.58,11273736.792,11131187.4172937,10949758.4701925,..,..,..,..
CO2 emissions (kt),EN.ATM.CO2E.KT,Pre-demographic dividend,PRE,320085.824945966,304832.675170792,274307.801400064,310865.581949867,312812.160245579,371677.579470473,428061.482852743,436353.014829896,460395.482661643,491022.594332708,475616.453516308,505151.062413133,..,..,..,..
CO2 emissions (kt),EN.ATM.CO2E.KT,Small states,SST,195592.051278428,213653.388192007,228484.751110233,233073.744950836,227468.248461753,241997.606969923,251503.379925459,261023.884803436,258979.830564644,282285.731867483,276915.946137467,273210.867643369,..,..,..,..
CO2 emissions (kt),EN.ATM.CO2E.KT,South Asia,SAS,1416210.068,1510701.324,1629457.119,1798175.789,1977506.757,1977587.431,2106042.441,2286205.818,2307899.79,2525679.253,2645135.445,2736913.121,..,..,..,..
CO2 emissions (kt),EN.ATM.CO2E.KT,South Asia (IDA & IBRD),TSA,1416210.068,1510701.324,1629457.119,1798175.789,1977506.757,1977587.431,2106042.441,2286205.818,2307899.79,2525679.253,2645135.445,2736913.121,..,..,..,..
CO2 emissions (kt),EN.ATM.CO2E.KT,Sub-Saharan Africa,SSF,666453.952778822,699333.858310835,724727.763506654,757644.691790083,747381.985097735,768840.371818098,807425.483343224,791616.76848885,806537.522307515,867107.577690299,831481.829347936,853107.127983807,..,..,..,..
CO2 emissions (kt),EN.ATM.CO2E.KT,Sub-Saharan Africa (excluding high income),SSA,662491.939388838,694993.569926522,720423.189262682,753209.921822628,743175.811688528,764510.329250403,803213.854428168,787259.249052583,802170.176163309,862445.954149086,826809.799395859,848185.578146809,..,..,..,..
CO2 emissions (kt),EN.ATM.CO2E.KT,Sub-Saharan Africa (IDA & IBRD countries),TSS,666453.952778822,699333.858310835,724727.763506654,757644.691790083,747381.985097735,768840.371818098,807425.483343224,791616.76848885,806537.522307515,867107.577690299,831481.829347936,853107.127983807,..,..,..,..
CO2 emissions (kt),EN.ATM.CO2E.KT,Upper middle income,UMC,11436339.5918843,12267101.9825268,12527912.2692003,13677302.5127903,13537474.4736473,15001684.641788,16231519.3858962,16702642.8111643,16846416.5892105,16932383.0920987,16838587.4511451,16718513.7758232,..,..,..,..
CO2 emissions (kt),EN.ATM.CO2E.KT,World,WLD,28043870.8847369,29021469.9608644,29513157.3946511,30680656.0213261,29915812.3968656,31927784.1233109,33090763.411553,33683606.8460307,33848272.7990641,34103192.8807259,34040671.3149961,33819401.1605443,..,..,..,..
