Series Name,Series Code,Country Name,Country Code,2005 [YR2005],2006 [YR2006],2007 [YR2007],2008 [YR2008],2009 [YR2009],2010 [YR2010],2011 [YR2011],2012 [YR2012],2013 [YR2013],2014 [YR2014],2015 [YR2015],2016 [YR2016],2017 [YR2017],2018 [YR2018],2019 [YR2019],2020 [YR2020]
Renewable electricity output (% of total electricity output),EG.ELC.RNEW.ZS,Afghanistan,AFG,74.0618101545254,70.7557502738226,72,68.6548223350254,87.1766029246344,85.9865470852018,82.4875621890547,85.9099804305284,78.6364080993837,85.3235490326885,86.0501112508465,..,..,..,..,..
Renewable electricity output (% of total electricity output),EG.ELC.RNEW.ZS,Albania,ALB,98.713944515892,98.3164373642288,97.4825174825175,100,99.9807766243752,99.9867864693446,98.5922214268671,100,100,100,100,..,..,..,..,..
Renewable electricity output (% of total electricity output),EG.ELC.RNEW.ZS,Algeria,DZA,1.63644405130473,0.618861068528928,0.607592214216582,0.703350233621632,0.794784551050622,0.380460926225565,0.980009370607528,1.08368033172465,0.55101018533979,0.395379969490365,0.322683798947644,..,..,..,..,..
Renewable electricity output (% of total electricity output),EG.ELC.RNEW.ZS,American Samoa,ASM,0,0,0,0,0,0,0,0.70242656449553,0.703140481075933,0.700882474752302,0.885478158205431,..,..,..,..,..
Renewable electricity output (% of total electricity output),EG.ELC.RNEW.ZS,Andorra,AND,98.8235294117647,94.5945945945946,75,80.0508259212198,76.5432098765432,88.7311446317657,86.5131578947369,86.6894197952219,88.7532693984307,89.4321766561514,86.1167002012072,..,..,..,..,..
Renewable electricity output (% of total electricity output),EG.ELC.RNEW.ZS,Angola,AGO,79.6482412060302,80.6110102843315,77.6188995958968,75.4090471607315,65.3431890179514,67.9574233804368,70.9078039285082,60.7994842037395,58.0209347614411,53.1751054852321,53.1749283080705,..,..,..,..,..
Renewable electricity output (% of total electricity output),EG.ELC.RNEW.ZS,Antigua and Barbuda,ATG,0,0,0,0,0,1.49476831091181,1.49700598802395,0,0,0,0,..,..,..,..,..
Renewable electricity output (% of total electricity output),EG.ELC.RNEW.ZS,Argentina,ARG,33.5251348456266,37.127698397103,29.8422008099427,26.3437057991513,28.9274026197721,28.5854562001549,32.305970437266,29.2611353196635,31.4844907174391,31.5762041956827,28.1400691239471,..,..,..,..,..
Renewable electricity output (% of total electricity output),EG.ELC.RNEW.ZS,Armenia,ARM,28.0671204685769,30.7187342198283,31.4682943370634,31.1785095320624,35.6727208605184,39.4854413803728,33.5397039030956,28.9447486311598,28.2360570687419,25.7548387096774,28.3369662777279,..,..,..,..,..
Renewable electricity output (% of total electricity output),EG.ELC.RNEW.ZS,Aruba,ABW,0,0,0,0,0,11.3273771537971,12.101020956475,14.9152542372881,14.9121861868333,15.0992799476326,14.8561614426793,..,..,..,..,..
Renewable electricity output (% of total electricity output),EG.ELC.RNEW.ZS,Australia,AUS,8.80370663945662,9.2993077726263,8.64807246716794,8.11525755637195,7.49793425905399,8.61187962842023,10.4266522781963,10.5926533603071,13.2641083883167,14.9067122095833,13.6378410946741,..,..,..,..,..
Renewable electricity output (% of total electricity output),EG.ELC.RNEW.ZS,Austria,AUT,63.6267774900368,65.5155251581415,68.6870289567632,69.2308884377567,71.1396947946197,66.2113227544381,65.6314234326824,74.5291806141755,78.0247869868319,81.0568683458842,76.4907792691417,..,..,..,..,..
Renewable electricity output (% of total electricity output),EG.ELC.RNEW.ZS,Azerbaijan,AZE,13.1558237145855,10.2595444729658,10.8207076486474,10.3128032158204,12.2429510281959,18.4233030464992,13.1861633980487,7.92152427353402,6.67123404984157,5.62924619864122,7.0398574206092,..,..,..,..,..
Renewable electricity output (% of total electricity output),EG.ELC.RNEW.ZS,"Bahamas, The",BHS,0,0,0,0,0,0,0,0,0,0,0,..,..,..,..,..
Renewable electricity output (% of total electricity output),EG.ELC.RNEW.ZS,Bahrain,BHR,0,0,0,0,0,0,0,0,0,0,0,..,..,..,..,..
Renewable electricity output (% of total electricity output),EG.ELC.RNEW.ZS,Bangladesh,BGD,2.83207925284531,2.53631776776946,2.41573939687147,2.77631655853644,1.12166124216586,1.78720274577102,1.9749507394741,1.60001647378609,1.94653614457831,1.31972423672665,1.2268899018827,..,..,..,..,..
Renewable electricity output (% of total electricity output),EG.ELC.RNEW.ZS,Barbados,BRB,0,0,0,0,0,0,0,0,0,0,0,..,..,..,..,..
Renewable electricity output (% of total electricity output),EG.ELC.RNEW.ZS,Belarus,BLR,0.119505183941087,0.119455534249159,0.157089446730969,0.208285779502397,0.345667632341322,0.372546210058748,0.428571428571429,0.555212831585441,0.844256831815152,0.722614078019289,0.815679830995834,..,..,..,..,..
Renewable electricity output (% of total electricity output),EG.ELC.RNEW.ZS,Belgium,BEL,2.457151524344,3.49978659837815,3.98272552783109,5.2857638515009,6.05638821459591,6.92080611298797,9.41087918754353,12.8128790384827,14.2093861058371,17.0806411009482,20.8000230056939,..,..,..,..,..
Renewable electricity output (% of total electricity output),EG.ELC.RNEW.ZS,Belize,BLZ,44.1418027487405,84.7717773737278,82.2754469021063,94.7475859538063,79.2914214469014,63.3809520940405,62.941598469924,49.1940058214813,55.8130131931025,50.7054753739704,45.2399304748245,..,..,..,..,..
Renewable electricity output (% of total electricity output),EG.ELC.RNEW.ZS,Benin,BEN,0.934579439252336,2.5974025974026,1.36363636363636,1.31004366812227,0.78125,0.869565217391304,0,0,0,0,5.55555555555556,..,..,..,..,..
Renewable electricity output (% of total electricity output),EG.ELC.RNEW.ZS,Bermuda,BMU,0,0,0,0,0,0,0,0,0,0,0,..,..,..,..,..
Renewable electricity output (% of total electricity output),EG.ELC.RNEW.ZS,Bhutan,BTN,99.943342776204,99.9601840382233,99.9695214873514,99.9985634454325,99.998571040711,99.9959062811293,99.9957552175451,99.997070326805,99.9934556173054,99.9928610794619,99.9935464335397,..,..,..,..,..
Renewable electricity output (% of total electricity output),EG.ELC.RNEW.ZS,Bolivia,BOL,41.2581699346405,41.8679245283019,41.698639693059,41.3787175520028,39.4870119261559,33.9530765825587,34.196675900277,32.3064874037332,32.1760694358338,28.0068532267276,31.4024390243902,..,..,..,..,..
Renewable electricity output (% of total electricity output),EG.ELC.RNEW.ZS,Bosnia and Herzegovina,BIH,47.595619742898,44.0078142610264,33.9528173794976,32.834109154692,39.8200153178453,46.8698902125672,28.7107329842932,29.93182786536,41.4646725116039,36.7264851485149,35.5173075692623,..,..,..,..,..
Renewable electricity output (% of total electricity output),EG.ELC.RNEW.ZS,Botswana,BWA,0,0,0,0,0,0,0,0,0.108342361863489,0.0432338953739732,0.0337040781934614,..,..,..,..,..
Renewable electricity output (% of total electricity output),EG.ELC.RNEW.ZS,Brazil,BRA,87.1246275118911,86.7476516501048,88.2146796451509,84.2664236492775,88.9957757749597,84.7242338752678,87.1209969967485,82.4482831002635,76.6892081191253,73.0820738473312,73.9669080481113,..,..,..,..,..
Renewable electricity output (% of total electricity output),EG.ELC.RNEW.ZS,British Virgin Islands,VGB,0,0,0,0,0,0,0.810176421594609,0.816357671473259,1.02025277904675,1.28626981752917,1.28626981752917,..,..,..,..,..
Renewable electricity output (% of total electricity output),EG.ELC.RNEW.ZS,Brunei Darussalam,BRN,0,0,0,0,0,0,0.0536912751677852,0.0508905852417303,0.0454338936846888,0.0443852640923213,0.0476190476190476,..,..,..,..,..
Renewable electricity output (% of total electricity output),EG.ELC.RNEW.ZS,Bulgaria,BGR,9.87446556899845,9.35783042503626,6.80299042783613,6.64363897362282,8.77279913168637,12.5779603190125,7.86638146452632,11.4364842525602,16.0788502170935,15.7436017644426,17.9885929998769,..,..,..,..,..
Renewable electricity output (% of total electricity output),EG.ELC.RNEW.ZS,Burkina Faso,BFA,19.4654270772807,14.6221248630887,18.1372549019608,21.9405876654827,18.9054015432981,20.7854236688484,15.4557463672391,15.456,14.4382099356781,10.3971279274351,9.35403868441754,..,..,..,..,..
Renewable electricity output (% of total electricity output),EG.ELC.RNEW.ZS,Burundi,BDI,98.0449657869013,97.9013641133263,98.3257854159168,98.2423608608917,96.3936374817371,87.6533996099443,90.8573088394698,97.9618194008257,87.02056925233,80.7187888270213,82.7093851288663,..,..,..,..,..
Renewable electricity output (% of total electricity output),EG.ELC.RNEW.ZS,Cabo Verde,CPV,2.72083016957732,2.95308406763515,2.54888138611657,1.92119944211994,1.50570293062781,1.18257859821171,6.7226660829594,18.3667484270022,20.5576033446305,17.2916513783909,20.2084965923393,..,..,..,..,..
Renewable electricity output (% of total electricity output),EG.ELC.RNEW.ZS,Cambodia,KHM,6.12033195020747,5.76759966072943,4.55764075067024,4.3859649122807,5.37124802527646,5.5,7.07547169811321,37.6569037656904,57.9302587176603,61.1365120836055,46.4180122811008,..,..,..,..,..
Renewable electricity output (% of total electricity output),EG.ELC.RNEW.ZS,Cameroon,CMR,94.2057942057942,88.8170779475127,74.8235742895289,75.8493223024116,70.6726612484869,73.2157992880149,75.291335922986,75.3650793650794,75.3357531760436,75.3250975292588,76.1171944362237,..,..,..,..,..
Renewable electricity output (% of total electricity output),EG.ELC.RNEW.ZS,Canada,CAN,60.0294267425595,59.5442882203545,60.2962722574056,61.472527402962,62.8503473332841,61.396756842691,62.3382501312229,63.230561170877,63.2980330554908,62.8249922157553,63.011450040254,..,..,..,..,..
Renewable electricity output (% of total electricity output),EG.ELC.RNEW.ZS,Cayman Islands,CYM,0,0,0,0,0,0,0,0,0,0,0,..,..,..,..,..
Renewable electricity output (% of total electricity output),EG.ELC.RNEW.ZS,Central African Republic,CAF,83.75,83.8323353293413,85.0931677018634,85.0931677018634,85,84.375,84.4827586206897,84.6590909090909,99.2805755395683,99.4152046783626,99.4152046783626,..,..,..,..,..
Renewable electricity output (% of total electricity output),EG.ELC.RNEW.ZS,Chad,TCD,0,0,0,0,0,0,0,0,0,0,0,..,..,..,..,..
Renewable electricity output (% of total electricity output),EG.ELC.RNEW.ZS,Channel Islands,CHI,0,0,0,0,0,0,0,0,0,0,0,..,..,..,..,..
Renewable electricity output (% of total electricity output),EG.ELC.RNEW.ZS,Chile,CHL,53.8830881792546,55.2548806941432,44.1555999931634,45.7490285408013,48.8274431013471,40.2025349968561,39.596426886613,36.4453556221416,35.6668719633203,42.4070089148478,43.6043349649144,..,..,..,..,..
Renewable electricity output (% of total electricity output),EG.ELC.RNEW.ZS,China,CHN,16.1750249753446,15.5927834152258,15.263347136776,17.7374440648538,17.8637981987375,18.6228260527723,16.7617704327503,19.9662489377563,20.2962273802567,22.6091537829535,23.926817173663,..,..,..,..,..
Renewable electricity output (% of total electricity output),EG.ELC.RNEW.ZS,Colombia,COL,80.1696565150883,80.6007625778852,81.533391279154,84.0108691765884,72.8779156240704,72.1206919763059,83.46528973035,79.5501941031153,73.9986754585505,74.0383106787808,68.236811220424,..,..,..,..,..
Renewable electricity output (% of total electricity output),EG.ELC.RNEW.ZS,Comoros,COM,0,0,0,0,0,0,0,0,0,0,0,..,..,..,..,..
Renewable electricity output (% of total electricity output),EG.ELC.RNEW.ZS,"Congo, Dem. Rep.",COD,99.9050718741524,99.3901630650935,98.896219233697,98.7150615975626,98.9050165520754,98.9120809614168,98.885934928472,99.8817656332107,99.8910147735529,99.8755656108597,99.8210691120555,..,..,..,..,..
Renewable electricity output (% of total electricity output),EG.ELC.RNEW.ZS,"Congo, Rep.",COG,81.986143187067,82.1192052980132,82.3095823095823,81.3449023861171,61.2244897959184,54.719387755102,61.1755607115236,58.0588235294118,56.8168519602106,54.7126436781609,53.3448673587082,..,..,..,..,..
Renewable electricity output (% of total electricity output),EG.ELC.RNEW.ZS,Costa Rica,CRI,96.7191283292978,93.8714499252616,92.0220994475138,92.8541270846527,95.15574650913,93.3110716894501,91.2225386493084,91.8419500688028,88.314606741573,89.7915239307037,99.0011098779134,..,..,..,..,..
Renewable electricity output (% of total electricity output),EG.ELC.RNEW.ZS,Cote d'Ivoire,CIV,27.2311212814645,28.6825817860301,33.9548925590481,34.7586206896552,37.5234202009879,28.2816429170159,30.1360878832595,26.439566704675,21.8823529411765,23.9319333816075,16.7259786476868,..,..,..,..,..
Renewable electricity output (% of total electricity output),EG.ELC.RNEW.ZS,Croatia,HRV,54.0706134640423,51.4354252108644,37.807891590275,45.7084735153744,56.0059835452506,62.8413084617464,47.0384204909285,49.6743132257151,66.5017566501757,73.9580232211968,66.8268375155722,..,..,..,..,..
Renewable electricity output (% of total electricity output),EG.ELC.RNEW.ZS,Cuba,CUB,3.18081084604354,3.03600704353634,3.04698138901498,3.97081282877991,3.92466448629751,3.24193826521814,3.22635135135135,3.71174299978294,4.3521421107628,4.01734999483631,3.94814668769716,..,..,..,..,..
Renewable electricity output (% of total electricity output),EG.ELC.RNEW.ZS,Curacao,CUW,2.56410256410256,2.62725779967159,2.54777070063694,2.57648953301127,2.4653312788906,2.41874527588813,2.41509433962264,3.48964013086151,3.53982300884956,3.59147025813693,3.7122969837587,..,..,..,..,..
Renewable electricity output (% of total electricity output),EG.ELC.RNEW.ZS,Cyprus,CYP,0.0228466986520448,0.0214961306964746,0.0615889960993636,0.295333727111636,0.594439117929051,1.37166478767381,3.6112801785352,5.44837820648717,7.62237762237762,7.28735632183908,8.78005735715861,..,..,..,..,..
Renewable electricity output (% of total electricity output),EG.ELC.RNEW.ZS,Czech Republic,CZE,3.8227288816199,4.2078083534559,3.88541998997311,4.47926045981151,5.70119560956488,6.91813578394599,8.35253987277588,9.30358646625215,10.8234117756488,10.7784149666259,11.4045705432362,..,..,..,..,..
Renewable electricity output (% of total electricity output),EG.ELC.RNEW.ZS,Denmark,DNK,27.0705733046405,20.1727653416939,26.2107030216706,27.5726458378851,27.6585218371217,31.9823992589162,40.2537682023333,48.32741604508,45.9603373341393,55.9004474272931,65.5059246208588,..,..,..,..,..
Renewable electricity output (% of total electricity output),EG.ELC.RNEW.ZS,Djibouti,DJI,0,0,0,0,0,0,0,0,0,0,0,..,..,..,..,..
Renewable electricity output (% of total electricity output),EG.ELC.RNEW.ZS,Dominica,DMA,23.5244519392917,22.805578342904,17.5059952038369,15.9442724458204,17.3005219985086,19.7000681663258,29.6688741721854,22.3262032085562,25.5462769659012,20.7968506074798,16.1757892646767,..,..,..,..,..
Renewable electricity output (% of total electricity output),EG.ELC.RNEW.ZS,Dominican Republic,DOM,17.7923237131806,15.3819588340931,14.1306519278151,11.6078535420536,13.0465644520159,11.8888078020301,12.0896170793769,14.476588823051,16.5696884006743,13.3393726644774,11.6324429755648,..,..,..,..,..
Renewable electricity output (% of total electricity output),EG.ELC.RNEW.ZS,Ecuador,ECU,55.1163708086785,51.6944937833037,56.5416564866846,61.1415209650848,50.8481878399483,45.4918242862269,55.558800623053,54.8693482732963,48.9918748119169,49.17513473485,52.8029423151374,..,..,..,..,..
Renewable electricity output (% of total electricity output),EG.ELC.RNEW.ZS,"Egypt, Arab Rep.",EGY,12.1409513294691,11.7332570814595,13.0593227788922,11.9009462759463,10.0690647482014,10.0479577100193,9.32683633406604,8.87941297956605,8.88188039274026,8.87090779127949,8.25928551410343,..,..,..,..,..
Renewable electricity output (% of total electricity output),EG.ELC.RNEW.ZS,El Salvador,SLV,58.2417582417582,57.3828470380194,56.2037515057649,62.5167560321716,56.3017955801105,65.0401069518717,62.9294755877034,60.2372935706269,60.4432397959184,59.6978949059939,57.8226749039906,..,..,..,..,..
Renewable electricity output (% of total electricity output),EG.ELC.RNEW.ZS,Equatorial Guinea,GNQ,24.5283018867925,19.5979899497487,15.0579150579151,12.2257053291536,10.8635097493036,3.41463414634146,3.41463414634146,3.41463414634146,4.34782608695652,57.8274760383387,57.8274760383387,..,..,..,..,..
Renewable electricity output (% of total electricity output),EG.ELC.RNEW.ZS,Eritrea,ERI,0.347222222222222,0.743494423791822,0.694444444444444,0.696864111498258,0.677966101694915,0.643086816720257,0.593471810089021,0.557103064066852,0.540540540540541,0.515463917525773,0.492610837438424,..,..,..,..,..
Renewable electricity output (% of total electricity output),EG.ELC.RNEW.ZS,Estonia,EST,1.08770210681039,1.33579942457871,1.18949958982773,1.86182780455534,6.16243307893838,8.05307004011108,9.1444970138835,12.3422745884516,9.19020715630885,11.1602121163426,14.4187386003648,..,..,..,..,..
Renewable electricity output (% of total electricity output),EG.ELC.RNEW.ZS,Eswatini,SWZ,39.093137254902,35.7391145261617,38.1166314305849,37.0541917554423,47.4212864593394,51.4712450645847,50.9443188069189,43.792216146671,40.6578501186843,53.2627865961199,46.5725806451613,..,..,..,..,..
Renewable electricity output (% of total electricity output),EG.ELC.RNEW.ZS,Ethiopia,ETH,99.5782073813708,99.6940960538391,95.43276007894,87.6356897008208,88.877755511022,99.3775100401606,99.4160353535353,99.8419388830348,99.908067111009,99.9684708355229,99.9616748107694,..,..,..,..,..
Renewable electricity output (% of total electricity output),EG.ELC.RNEW.ZS,Faroe Islands,FRO,44.4897959183673,44.6153846153846,44.6189364442481,39.4624930663563,38.9836967567725,28.898653902399,39.0837085483288,37.9151861048992,38.4362159612216,50.8075843846282,60.0714356141205,..,..,..,..,..
Renewable electricity output (% of total electricity output),EG.ELC.RNEW.ZS,Fiji,FJI,41.1571519176514,40.6257886942319,61.224548384087,64.9426400273446,60.1295207808297,50.2938926133513,57.5939271548141,66.2311586562818,62.1276967930029,47.1662981496567,45.0158848200176,..,..,..,..,..
Renewable electricity output (% of total electricity output),EG.ELC.RNEW.ZS,Finland,FIN,33.2492703522144,27.2937117309748,29.9378423287587,35.8779316045046,30.1086458810307,29.9910751915115,32.890708969946,40.5618440300521,35.966992716505,38.5804916732752,44.49903056985,..,..,..,..,..
Renewable electricity output (% of total electricity output),EG.ELC.RNEW.ZS,France,FRA,9.86064669736174,10.9475758299498,11.6909263128767,12.9792089338645,13.1271635670849,13.8573593131131,11.5747472478095,14.8273540719154,17.045286239218,16.4559049430271,15.8576666299907,..,..,..,..,..
Renewable electricity output (% of total electricity output),EG.ELC.RNEW.ZS,French Polynesia,PYF,28.5123613312203,30.4581430745814,32.4231441048035,29.7917184788544,29.1068770265034,34.2044129754249,29.9856601521785,28.0248994435529,27.1611906201707,31.7171268879242,32.0120973923708,..,..,..,..,..
Renewable electricity output (% of total electricity output),EG.ELC.RNEW.ZS,Gabon,GAB,52.0965692503177,57.2372372372372,46.6551326412918,49.5060373216246,52.0196506550218,47.3385012919897,41.5972562469378,42.5138632162662,44.9904580152672,40.3403403403403,43.7441204139229,..,..,..,..,..
Renewable electricity output (% of total electricity output),EG.ELC.RNEW.ZS,"Gambia, The",GMB,0,0,0,0,0,0,0,0,0,0,0,..,..,..,..,..
Renewable electricity output (% of total electricity output),EG.ELC.RNEW.ZS,Georgia,GEO,85.8125774047062,72.9381089611637,81.8290926548248,84.727315745889,86.6090207992522,92.5227182931648,77.3984696880518,74.5023207839092,82.2248732478378,80.3683347796741,78.0393242869011,..,..,..,..,..
Renewable electricity output (% of total electricity output),EG.ELC.RNEW.ZS,Germany,DEU,10.1502111075024,11.3220131113963,13.9380080579109,14.6992338976639,16.0785536793646,16.7270736678142,20.3832827208232,23.0004585405584,24.0725497476084,26.1300965691114,29.2317701223308,..,..,..,..,..
Renewable electricity output (% of total electricity output),EG.ELC.RNEW.ZS,Ghana,GHA,82.9257513258692,66.6548042704626,53.4107194038406,74.4233541566554,76.7693681625363,68.8108586603718,67.5089285714286,67.1240851630073,63.9888120581151,64.7303864846101,50.8920024366896,..,..,..,..,..
Renewable electricity output (% of total electricity output),EG.ELC.RNEW.ZS,Gibraltar,GIB,0,0,0,0,0,0,0,0,0,0,0,..,..,..,..,..
Renewable electricity output (% of total electricity output),EG.ELC.RNEW.ZS,Greece,GRC,10.7796119608932,12.7602652087938,7.32566854299884,9.1397507629705,13.3973876321734,18.3415552495337,13.7615764212803,16.7036909052015,25.1234373358546,24.1880698408915,28.6557832580757,..,..,..,..,..
Renewable electricity output (% of total electricity output),EG.ELC.RNEW.ZS,Greenland,GRL,58.3453030738294,56.334386670497,56.0318768892553,55.2715654952077,63.2727502615247,71.3952685680159,74.8355996933069,75.0278335876988,79.8432118205555,81.198143559666,81.2915257762837,..,..,..,..,..
Renewable electricity output (% of total electricity output),EG.ELC.RNEW.ZS,Grenada,GRD,0,0,0,0,0,0,0,0,0,0,0,..,..,..,..,..
Renewable electricity output (% of total electricity output),EG.ELC.RNEW.ZS,Guam,GUM,0,0,0,0,0,0,0,0,0,0,0,..,..,..,..,..
Renewable electricity output (% of total electricity output),EG.ELC.RNEW.ZS,Guatemala,GTM,47.4841595229221,51.9593436198873,47.6244860666971,55.4140857994953,49.1102022769979,63.8479703137299,64.4374251170896,66.8827029324267,67.1673387096774,68.574091332712,60.3906673901248,..,..,..,..,..
Renewable electricity output (% of total electricity output),EG.ELC.RNEW.ZS,Guinea,GIN,62.4525916561315,63.1506849315069,68.1875792141952,62.7376425855513,62.3481781376518,76.379726468222,74.7564056297365,67.3763736263736,73.7196147378077,59.7697922515441,78.751565015203,..,..,..,..,..
Renewable electricity output (% of total electricity output),EG.ELC.RNEW.ZS,Guinea-Bissau,GNB,0,0,0,0,0,0,0,0,0,0,0,..,..,..,..,..
Renewable electricity output (% of total electricity output),EG.ELC.RNEW.ZS,Guyana,GUY,0,0,0,0,0,0,0,0,0,0,0,..,..,..,..,..
Renewable electricity output (% of total electricity output),EG.ELC.RNEW.ZS,Haiti,HTI,47.6618705035971,47.5438596491228,32.9059829059829,37.2427983539095,28.7101248266297,30.1533219761499,12.8313891834571,20.0909090909091,13.3649289099526,8.71248789932236,7.99614643545279,..,..,..,..,..
Renewable electricity output (% of total electricity output),EG.ELC.RNEW.ZS,Honduras,HND,32.9466357308585,36.9282136894825,37.6006314127861,37.9905329057871,44.7547169811321,47.808764940239,46.7790408989939,49.3023255813954,46.7550161010652,43.8293107738243,42.2755158951478,..,..,..,..,..
Renewable electricity output (% of total electricity output),EG.ELC.RNEW.ZS,"Hong Kong SAR, China",HKG,0,0.00258953310718078,0.00256726227151366,0.00263199452545139,0.00258184446968915,0.242269518326517,0.204561726500972,0.234270414993307,0.242606874712702,0.265604249667995,0.278727320536419,..,..,..,..,..
Renewable electricity output (% of total electricity output),EG.ELC.RNEW.ZS,Hungary,HUN,5.22989148674348,4.16352937895647,4.71221221221221,5.88881948782011,8.06227024618469,8.08113242888871,7.51825425469891,7.6396708531832,9.20314253647587,10.6831790963527,10.5826906598115,..,..,..,..,..
Renewable electricity output (% of total electricity output),EG.ELC.RNEW.ZS,Iceland,ISL,99.9424361040755,99.9597180261833,99.9749519913167,99.9878544968725,99.9881192824047,99.9882759833519,99.9883795247226,99.9829050088324,99.9724000883197,99.9834464492634,99.9787222724613,..,..,..,..,..
Renewable electricity output (% of total electricity output),EG.ELC.RNEW.ZS,India,IND,16.6190180757235,17.5404247180092,17.8640856862195,16.5098337370558,15.6600552489802,16.0437444354595,17.316962856526,15.732973360913,17.3493138262499,16.2538398153488,15.3430503454798,..,..,..,..,..
Renewable electricity output (% of total electricity output),EG.ELC.RNEW.ZS,Indonesia,IDN,13.6055328591928,12.2587772033185,12.9038838981084,13.3158324739161,13.2330616046028,15.8540249182646,11.9928905172367,11.2368144778283,12.2701601703546,11.4751004932507,10.6511556345733,..,..,..,..,..
Renewable electricity output (% of total electricity output),EG.ELC.RNEW.ZS,"Iran, Islamic Rep.",IRN,9.08034230268182,9.54474211394941,8.88786485347033,2.42343728149909,3.36992365722546,4.16339355852317,5.12264009464616,4.98552753700703,5.70772079837216,5.19538689554967,5.10488787847473,..,..,..,..,..
Renewable electricity output (% of total electricity output),EG.ELC.RNEW.ZS,Iraq,IRQ,19.7368421052632,18.0232386246046,17.2578752595,9.44751680763392,8.52643538457473,9.74687167743518,6.30206110977126,9.54409144247903,8.14248057238711,4.32505017117223,3.7317547372392,..,..,..,..,..
Renewable electricity output (% of total electricity output),EG.ELC.RNEW.ZS,Ireland,IRL,7.30898306407555,9.12745242661159,10.0333967752361,11.9967901564799,14.6934687745905,13.2311186825667,19.9639228390517,19.365535536642,22.0058651026393,24.7597644141352,27.9654080216378,..,..,..,..,..
Renewable electricity output (% of total electricity output),EG.ELC.RNEW.ZS,Isle of Man,IMN,0.598251265531523,0.884955752212389,0.454447089374594,0.635930047694754,0.638257931293411,0.602530628640289,0.621740874448456,1.48698884758364,0.793650793650794,0.793650793650794,0.833002776675922,..,..,..,..,..
Renewable electricity output (% of total electricity output),EG.ELC.RNEW.ZS,Israel,ISR,0.0802436113740175,0.0494481585505756,0.0446162998215348,0.0561383811094348,0.179973821989529,0.290146950896895,0.504365019521105,0.76821738647366,0.931150321255015,1.5144788120961,1.89020023043627,..,..,..,..,..
Renewable electricity output (% of total electricity output),EG.ELC.RNEW.ZS,Italy,ITA,16.318218568926,16.456444939891,15.4807249320295,18.5511933581478,24.0189363067266,25.760359871876,27.5947287192996,31.0203903154411,38.905348564998,43.3916063800716,38.6792251795342,..,..,..,..,..
Renewable electricity output (% of total electricity output),EG.ELC.RNEW.ZS,Jamaica,JAM,3.69172729722447,3.94754449350997,4.96997998665777,6.13931523022432,7.36698499317872,7.68518518518519,8.72652313330279,10.924158714214,9.84222389181067,9.79631425800194,10.2620087336245,..,..,..,..,..
Renewable electricity output (% of total electricity output),EG.ELC.RNEW.ZS,Japan,JPN,8.40711373205297,9.44909822599951,8.20178689867738,8.78932661054861,9.14571650806042,10.5317771633873,11.4628446015564,11.1942473822485,12.2052917942741,14.0593593575553,15.9847807230219,..,..,..,..,..
Renewable electricity output (% of total electricity output),EG.ELC.RNEW.ZS,Jordan,JOR,0.673296043090947,0.539568345323741,0.569186985616491,0.53475935828877,0.483464125560538,0.494010962983014,0.450604219294053,0.42178838274283,0.370735098186874,0.362239297475302,0.967708004628169,..,..,..,..,..
Renewable electricity output (% of total electricity output),EG.ELC.RNEW.ZS,Kazakhstan,KAZ,11.5789939127743,10.840531978732,10.6673803493564,9.28703922715899,8.73967729640452,9.70645887278271,9.10424318019079,8.23125074070483,7.50538385425761,7.87775535843454,8.87402787692077,..,..,..,..,..
Renewable electricity output (% of total electricity output),EG.ELC.RNEW.ZS,Kenya,KEN,71.6623600344531,70.3408728894552,71.6005556413027,63.1306990881459,55.2915129151291,69.0695158236408,66.8729851708575,74.7765397330721,69.2879675529518,81.4862821343703,87.5142472282665,..,..,..,..,..
Renewable electricity output (% of total electricity output),EG.ELC.RNEW.ZS,Kiribati,KIR,0,0,0,0,0,0,0,0,0,0,7.27272727272727,..,..,..,..,..
Renewable electricity output (% of total electricity output),EG.ELC.RNEW.ZS,"Korea, Dem. People’s Rep.",PRK,57.3149441340782,56.2513929128594,61.7014356734656,60.6248653307477,59.1659961187107,61.8537666174298,68.6570269426818,70.1809107922645,75.8236962688195,72.589200960411,72.7960981291403,..,..,..,..,..
Renewable electricity output (% of total electricity output),EG.ELC.RNEW.ZS,"Korea, Rep.",KOR,1.04466914513476,0.99883163049693,1.06995691527453,0.985727672457291,1.03769073406601,1.24537463913126,1.43812265288346,1.33594507802273,1.63285870185595,1.56686805919401,1.89466631222848,..,..,..,..,..
Renewable electricity output (% of total electricity output),EG.ELC.RNEW.ZS,Kosovo,XKX,2.51233737101839,2.27785295444294,1.94415718717684,1.47229755908563,2.41157556270096,3.03792569659443,1.81003275297363,1.61534578495709,2.19157088122605,2.77777777777778,2.2879555482922,..,..,..,..,..
Renewable electricity output (% of total electricity output),EG.ELC.RNEW.ZS,Kuwait,KWT,0,0,0,0,0,0,0,0,0,0,0,..,..,..,..,..
Renewable electricity output (% of total electricity output),EG.ELC.RNEW.ZS,Kyrgyz Republic,KGZ,85.8773755959976,85.8775735040969,85.8799730276467,85.8766646874205,92.1862311648471,91.801652892562,93.2774772397414,93.479694092827,93.476554136036,91.2572055997804,85.1880276285495,..,..,..,..,..
Renewable electricity output (% of total electricity output),EG.ELC.RNEW.ZS,Lao PDR,LAO,100,100,100,100,100,100,100,100,99.9651873436654,99.9667487290981,86.3699995757859,..,..,..,..,..
Renewable electricity output (% of total electricity output),EG.ELC.RNEW.ZS,Latvia,LVA,69.5882592743579,56.9617665099162,59.2747851603437,60.902540766022,63.8534745914886,54.8513656254716,50.4922874958976,66.6288308740068,56.9173779996779,54.5419179148026,50.1716970901862,..,..,..,..,..
Renewable electricity output (% of total electricity output),EG.ELC.RNEW.ZS,Lebanon,LBN,8.47718615771132,6.02409638554217,4.86082260074782,2.80219367440463,4.5167380727616,5.33986761710794,4.9190345249007,6.79212194792931,7.25681935151827,1.07508912655971,2.60382691889541,..,..,..,..,..
Renewable electricity output (% of total electricity output),EG.ELC.RNEW.ZS,Lesotho,LSO,100,100,100,100,100,100,100,100,100,100,100,..,..,..,..,..
Renewable electricity output (% of total electricity output),EG.ELC.RNEW.ZS,Liberia,LBR,0,0,0,0,0,0,0,0,0,0,0,..,..,..,..,..
Renewable electricity output (% of total electricity output),EG.ELC.RNEW.ZS,Libya,LBY,0,0,0,0,0,0,0,0,0,0,0,..,..,..,..,..
Renewable electricity output (% of total electricity output),EG.ELC.RNEW.ZS,Liechtenstein,LIE,0,0,95.0207468879668,94.5378151260504,94.2253521126761,94.5569620253165,94.6058091286307,95.6926658905704,96.0140679953107,93.9613526570049,96.8571428571428,..,..,..,..,..
Renewable electricity output (% of total electricity output),EG.ELC.RNEW.ZS,Lithuania,LTU,3.19112036073535,3.60188788606442,4.31328878990349,4.51714564418099,4.67117393976644,18.241890268322,26.189354686764,26.1205564142195,36.2126245847176,40.7497303128371,39.4081728511038,..,..,..,..,..
Renewable electricity output (% of total electricity output),EG.ELC.RNEW.ZS,Luxembourg,LUX,6.30227001194743,6.97081326154718,8.27866291783818,10.3815113719736,8.47081218274112,8.26625386996904,9.28301886792453,11.1715632934349,20.0108166576528,20.9448818897638,32.381667918858,..,..,..,..,..
Renewable electricity output (% of total electricity output),EG.ELC.RNEW.ZS,"Macao SAR, China",MAC,0,0,0,0,0,0,0,0,0,0,0,..,..,..,..,..
Renewable electricity output (% of total electricity output),EG.ELC.RNEW.ZS,Madagascar,MDG,56.4033591820571,54.3533046855736,58.849799131578,54.9408347243365,58.1708546342934,52.2846324063118,48.0190533691882,49.6895063677508,50.7720298205657,53.3069563549091,54.5964565549528,..,..,..,..,..
Renewable electricity output (% of total electricity output),EG.ELC.RNEW.ZS,Malawi,MWI,85.7892350540838,85.7467922381645,86.7887184562098,89.8722414503044,90.689456520621,91.0552272143267,90.8516584875241,91.3475557000206,91.0347150336056,91.3059975696562,91.3068289899182,..,..,..,..,..
Renewable electricity output (% of total electricity output),EG.ELC.RNEW.ZS,Malaysia,MYS,6.28016401969204,7.17243682511411,6.65634357438779,7.62875635218454,7.00585329689749,5.99265943294921,6.71436859408238,7.38348427233016,8.57764477983057,9.70780299588388,9.95716845520007,..,..,..,..,..
Renewable electricity output (% of total electricity output),EG.ELC.RNEW.ZS,Maldives,MDV,0,0,0,0,0,0.315654105451853,0.33500837520938,0.602006688963211,0.329091345884877,0.608069076647107,1.27720445488914,..,..,..,..,..
Renewable electricity output (% of total electricity output),EG.ELC.RNEW.ZS,Mali,MLI,50.5900865460267,48.7621905476369,46.6997870830376,44.9696151249156,72.4608560165516,53.7956068791505,52.6273499200104,57.4928440366973,64.7933030451541,42.8744112375474,43.5163551401869,..,..,..,..,..
Renewable electricity output (% of total electricity output),EG.ELC.RNEW.ZS,Malta,MLT,0,0,0,0,0,0.0473036896877957,0.458926112895824,1.1333914559721,1.55486450466459,3.34075723830735,7.67459708365311,..,..,..,..,..
Renewable electricity output (% of total electricity output),EG.ELC.RNEW.ZS,Marshall Islands,MHL,0,0,0,0,0,0,0,0.257400257400257,0.275020925505202,0.234741784037559,0.233372228704784,..,..,..,..,..
Renewable electricity output (% of total electricity output),EG.ELC.RNEW.ZS,Mauritania,MRT,0,0,0,0,0,0,0,0,4.80295566502463,5.05540964101889,13.373253493014,..,..,..,..,..
Renewable electricity output (% of total electricity output),EG.ELC.RNEW.ZS,Mauritius,MUS,25,22.2553191489362,22.393509127789,23.2303480641377,23.6321303841676,24.3213090368167,20.2123764188942,20.7007508044333,20.6024930747922,20.2928157984338,22.7227227227227,..,..,..,..,..
Renewable electricity output (% of total electricity output),EG.ELC.RNEW.ZS,Mexico,MEX,15.1973138518471,15.3342487645557,14.0904430169788,17.5430258247777,12.9473322527395,16.6028518855907,14.8888030097341,13.7881312901168,13.2995432622778,17.5435163318916,15.3941337927222,..,..,..,..,..
Renewable electricity output (% of total electricity output),EG.ELC.RNEW.ZS,"Micronesia, Fed. Sts.",FSM,0.268096514745308,0.283687943262411,0.290528762347472,0.613967766692249,0.859722023212494,0.871712915879704,1.08342361863489,1.06092755380418,1.49253731343284,1.53038915609969,1.60116448326055,..,..,..,..,..
Renewable electricity output (% of total electricity output),EG.ELC.RNEW.ZS,Moldova,MDA,6.29382303839733,6.18844386080105,6.38333897731121,6.45964795748921,5.77605679251371,6.65794209062653,6.08365019011407,4.63633229920717,6.96949454464485,6.20444776677257,5.36857658840913,..,..,..,..,..
Renewable electricity output (% of total electricity output),EG.ELC.RNEW.ZS,Monaco,MCO,0,0,0,0,0,0,0,0,0,0,0,..,..,..,..,..
Renewable electricity output (% of total electricity output),EG.ELC.RNEW.ZS,Mongolia,MNG,0,0,0,0,0,0,0,0,1.69322709163347,3.16220238095238,3.08362053328496,..,..,..,..,..
Renewable electricity output (% of total electricity output),EG.ELC.RNEW.ZS,Montenegro,MNE,65.1536312849162,59.2818428184282,59.8880597014925,54.4200848656294,75.036231884058,68.3739433117852,45.3313253012048,51.9338959212377,63.4727503168568,55.2158840214308,49.6503496503497,..,..,..,..,..
Renewable electricity output (% of total electricity output),EG.ELC.RNEW.ZS,Morocco,MAR,6.14307931570762,5.94542891663311,6.00090465899382,5.96789883268483,13.993851974462,17.4340993578912,10.78941054147,8.62996158770807,14.6479584475545,12.3878104779795,14.3088903309539,..,..,..,..,..
Renewable electricity output (% of total electricity output),EG.ELC.RNEW.ZS,Mozambique,MOZ,99.8419269853218,99.8642871683518,99.9191341129634,99.9140609506181,99.9233626127454,99.8859954398176,99.8811645870469,99.8615323750495,97.6569318563276,91.1575743913436,86.4108873600161,..,..,..,..,..
Renewable electricity output (% of total electricity output),EG.ELC.RNEW.ZS,Myanmar,MMR,49.8171542553192,53.9422452952628,56.5557118299734,61.4768951978254,75.4738655944859,67.6786424499536,76.1856505877584,72.3630264629146,72.0421327672083,62.3649078194533,58.8541014402004,..,..,..,..,..
Renewable electricity output (% of total electricity output),EG.ELC.RNEW.ZS,Namibia,NAM,99.7590361445783,94.1469489414695,97.8426395939086,88.7404580152672,94.5637583892618,95.5555555555556,98.1818181818182,97.8088861838101,95.5672426746807,99.13217623498,97.7864583333333,..,..,..,..,..
Renewable electricity output (% of total electricity output),EG.ELC.RNEW.ZS,Nauru,NRU,0,0.609756097560976,0.497512437810945,0.512820512820513,0.469483568075117,0.442477876106195,0.432900432900433,0.421940928270042,0.411522633744856,0.398406374501992,0.398406374501992,..,..,..,..,..
Renewable electricity output (% of total electricity output),EG.ELC.RNEW.ZS,Nepal,NPL,99.3683379392025,99.5269286754003,99.6776504297994,99.6799431009957,99.5826645264847,99.9064837905237,99.942726231386,99.4650900900901,99.7156667614444,99.9736634184883,100,..,..,..,..,..
Renewable electricity output (% of total electricity output),EG.ELC.RNEW.ZS,Netherlands,NLD,7.45088620009808,8.1460645735736,7.21057386012457,8.86175989288902,9.53109744834684,9.38794332187474,10.8122811789791,12.1144649460783,11.9751120547299,11.3210466263126,12.4420823112565,..,..,..,..,..
Renewable electricity output (% of total electricity output),EG.ELC.RNEW.ZS,New Caledonia,NCL,18.9591078066914,16.8803418803419,22.1703011422638,26.4064660214825,22.5718964282059,15.0389342339807,18.8586102317756,20.1104938568388,20.5091057124726,11.6734851101134,14.0947086721567,..,..,..,..,..
Renewable electricity output (% of total electricity output),EG.ELC.RNEW.ZS,New Zealand,NZL,64.2361757587042,64.4786936379065,65.5749320046625,64.2516704294087,71.7073619773088,73.1805629787992,76.0402850527168,71.8665281041027,74.2581122307479,79.2023905298242,80.0814387512725,..,..,..,..,..
Renewable electricity output (% of total electricity output),EG.ELC.RNEW.ZS,Nicaragua,NIC,34.6116027531957,30.0574345883855,28.9900249376559,35.525141326986,30.9006660874602,37.0046460781634,33.9958158995816,42.8181592656909,52.3043686989918,53.8686459739091,50.0545970735969,..,..,..,..,..
Renewable electricity output (% of total electricity output),EG.ELC.RNEW.ZS,Niger,NER,0.873362445414847,0.917431192660551,0.892857142857143,1.31578947368421,1.16731517509728,1.02389078498294,0,0,0.90293453724605,0.90293453724605,0.753295668549906,..,..,..,..,..
Renewable electricity output (% of total electricity output),EG.ELC.RNEW.ZS,Nigeria,NGA,33.000552274948,27.1008221549113,27.0998346244234,27.1009000473709,22.9003387773676,24.4018222885801,21.7614855367315,19.7136487145544,18.4399127514455,17.5913129318855,18.1951250556864,..,..,..,..,..
Renewable electricity output (% of total electricity output),EG.ELC.RNEW.ZS,North Macedonia,MKD,21.49236531259,23.5512417927491,15.5432440751,13.3100934875614,18.5998828353837,33.4848484848485,21.2161562361296,16.6719897796231,26.1404660321628,24.0416821734276,35.9369465108041,..,..,..,..,..
Renewable electricity output (% of total electricity output),EG.ELC.RNEW.ZS,Northern Mariana Islands,MNP,0,0,0,0,0,0,0,0,0,0,0,..,..,..,..,..
Renewable electricity output (% of total electricity output),EG.ELC.RNEW.ZS,Norway,NOR,99.4717476046486,99.3161307353451,99.134536264253,99.4029618193021,96.5704425900335,95.7326473977182,96.4944211442589,97.9549112135512,97.7022692526755,97.6555308512597,97.709870624366,..,..,..,..,..
Renewable electricity output (% of total electricity output),EG.ELC.RNEW.ZS,Oman,OMN,0,0,0,0,0,0,0,0,0,0,0,..,..,..,..,..
Renewable electricity output (% of total electricity output),EG.ELC.RNEW.ZS,Pakistan,PAK,32.9620096337673,32.5343895410994,30.0090946153605,30.3265805099546,29.4608681061694,33.7038057297847,29.9894836470712,31.0605981794538,31.0061877858488,31.1025535574083,31.4303497172134,..,..,..,..,..
Renewable electricity output (% of total electricity output),EG.ELC.RNEW.ZS,Palau,PLW,0,0,0,0,0,0,0,0,0,0,0,..,..,..,..,..
Renewable electricity output (% of total electricity output),EG.ELC.RNEW.ZS,Panama,PAN,64.3041015960185,60.1769911504425,57.6982651796778,62.0700389105058,56.6883586406363,57.1041582012732,52.6847353618001,62.9315355108683,57.9258763116767,55.7984279099817,65.3263403263403,..,..,..,..,..
Renewable electricity output (% of total electricity output),EG.ELC.RNEW.ZS,Papua New Guinea,PNG,28.8830715532286,32.5567502986858,38.8159813356664,38.5470085470086,39.1853126792886,37.9785183145139,37.9432624113475,37.327311370882,35.7719475277497,34.5306513409962,34.5306513409962,..,..,..,..,..
Renewable electricity output (% of total electricity output),EG.ELC.RNEW.ZS,Paraguay,PRY,100,100,100,100,100,99.9981504087597,99.9982646420824,99.9950195069312,99.9950315496597,99.9891465576499,99.9982060849598,..,..,..,..,..
Renewable electricity output (% of total electricity output),EG.ELC.RNEW.ZS,Peru,PER,72.2695007647359,73.2948314935302,66.7100998964285,60.1325932778292,60.5909684472653,57.7208135971023,56.7600642480177,55.2503189972228,53.9396864800257,52.3684555832568,52.7305133572361,..,..,..,..,..
Renewable electricity output (% of total electricity output),EG.ELC.RNEW.ZS,Philippines,PHL,32.365159898881,36.0283887783315,31.5998725067521,33.9159171996514,32.5850680706061,26.2983082873254,28.6558922169539,28.4444810136998,26.4036882523317,25.5973182159406,25.4134663220608,..,..,..,..,..
Renewable electricity output (% of total electricity output),EG.ELC.RNEW.ZS,Poland,POL,2.47620028450235,2.66912990470503,3.4202354482524,4.27121711589425,5.74241832703595,6.93110275067,8.05367893181623,10.437756244164,10.405311482606,12.5186110480228,13.8023986710559,..,..,..,..,..
Renewable electricity output (% of total electricity output),EG.ELC.RNEW.ZS,Portugal,PRT,17.8834329263012,32.3657773386034,34.5829068577277,32.197910940077,36.9649569540439,52.8077331396323,46.4751002158495,42.500438827453,58.3191514623818,60.7401990030601,47.526374290673,..,..,..,..,..
Renewable electricity output (% of total electricity output),EG.ELC.RNEW.ZS,Puerto Rico,PRI,0.552840317282269,0.569206718242675,0.665692482545868,0.674828048622226,0.733664665763033,0.573634108250033,0.673052147102988,0.69864742213269,1.39324420971557,1.62786988299978,1.83744647870018,..,..,..,..,..
Renewable electricity output (% of total electricity output),EG.ELC.RNEW.ZS,Qatar,QAT,0,0,0,0,0,0,0,0,0,0,0,..,..,..,..,..
Renewable electricity output (% of total electricity output),EG.ELC.RNEW.ZS,Romania,ROU,34.0211738171781,29.283697784583,25.949767321194,26.5164111090584,26.9357995185397,33.4878503439516,26.3149405635575,25.3955830809542,34.4215525488588,41.6060857028926,39.7469736961864,..,..,..,..,..
Renewable electricity output (% of total electricity output),EG.ELC.RNEW.ZS,Russian Federation,RUS,18.2025297558032,17.4938246140069,17.5206409321501,15.9141050296072,17.6440464827356,16.1205888143799,15.8030239287522,15.5637311058596,17.1746302202462,16.5682511980707,15.8557951545716,..,..,..,..,..
Renewable electricity output (% of total electricity output),EG.ELC.RNEW.ZS,Rwanda,RWA,55.7724957555178,22.4956063268893,25.7042679240721,37.2236503856041,39.975845410628,39.9501956599075,43.2995658465991,46.2609093916185,35.8812993174227,44.0581475957398,56.8878281622912,..,..,..,..,..
Renewable electricity output (% of total electricity output),EG.ELC.RNEW.ZS,Samoa,WSM,46.1538461538462,45.2586206896552,45.0381679389313,40.6639004149378,34.3085106382979,41.0499139414802,32.2935779816514,32.7985739750446,36.4738882930451,33.7952270977675,30.3504847129008,..,..,..,..,..
Renewable electricity output (% of total electricity output),EG.ELC.RNEW.ZS,San Marino,SMR,0,0,0,0,0,0,0,0,0,0,0,..,..,..,..,..
Renewable electricity output (% of total electricity output),EG.ELC.RNEW.ZS,Sao Tome and Principe,STP,10.1449275362319,18.6046511627907,22.2222222222222,16.8421052631579,13.4615384615385,8.39160839160839,8.92857142857143,8.32249674902471,8.33333333333333,10.4477611940298,10.4734576757532,..,..,..,..,..
Renewable electricity output (% of total electricity output),EG.ELC.RNEW.ZS,Saudi Arabia,SAU,0,0,0,0,0,0,0,0.000368080094228504,0.000352091600150695,0.000320712237737568,0.000295564172893219,..,..,..,..,..
Renewable electricity output (% of total electricity output),EG.ELC.RNEW.ZS,Senegal,SEN,12.6572327044025,11.8491184911849,8.32078313253012,9.77713874910137,10.2169349195241,10.7282184655397,10.6950174547763,9.82608695652174,10.4184217916316,10.4172274562584,10.417193426043,..,..,..,..,..
Renewable electricity output (% of total electricity output),EG.ELC.RNEW.ZS,Serbia,SRB,32.9878817788013,30.0567418656287,27.4610123119015,25.9672558442616,27.9461279461279,31.7745771317104,22.7934988428361,25.6890879433801,26.0636806281388,32.9845123482629,26.9051735603139,..,..,..,..,..
Renewable electricity output (% of total electricity output),EG.ELC.RNEW.ZS,Seychelles,SYC,0,0,0,0,0,0,0,0,1.96205747840325,2.14994487320838,2.38095238095238,..,..,..,..,..
Renewable electricity output (% of total electricity output),EG.ELC.RNEW.ZS,Sierra Leone,SLE,22.488038277512,10.1941747572816,30,69.0148152418286,66.6608575736681,87.3820547383227,87.3775905260761,66.099513068786,64.1097390352211,65.3569452130603,60.9756097560976,..,..,..,..,..
Renewable electricity output (% of total electricity output),EG.ELC.RNEW.ZS,Singapore,SGP,1.25088320728548,1.20937072156584,1.18396421364841,1.2584797564542,1.29826008881555,1.3050858667137,1.32774131861446,1.35828489919312,1.54683232921262,1.66261644390441,1.82088664088069,..,..,..,..,..
Renewable electricity output (% of total electricity output),EG.ELC.RNEW.ZS,Sint Maarten (Dutch part),SXM,0,0,0,0,0,0,0,0,0,0,0,..,..,..,..,..
Renewable electricity output (% of total electricity output),EG.ELC.RNEW.ZS,Slovak Republic,SVK,14.9145190099515,15.369108188538,17.6896601175964,15.86578581363,18.9474902581118,21.6283134284882,17.6718042986425,19.3236373905676,22.2802833695728,22.9445999705319,22.6794833283268,..,..,..,..,..
Renewable electricity output (% of total electricity output),EG.ELC.RNEW.ZS,Slovenia,SVN,23.6488721307138,24.4988422097254,22.462274812205,26.2698945057625,29.9152594037676,29.2156259612427,24.3795161797047,27.8428093645485,32.323360111329,38.5189069509992,29.3919146925828,..,..,..,..,..
Renewable electricity output (% of total electricity output),EG.ELC.RNEW.ZS,Solomon Islands,SLB,0,0,0,0,0,0,0,0,0,2.32755872037411,2.26263043702862,..,..,..,..,..
Renewable electricity output (% of total electricity output),EG.ELC.RNEW.ZS,Somalia,SOM,0,0,0,0,0,0,0,0,0,0,0,..,..,..,..,..
Renewable electricity output (% of total electricity output),EG.ELC.RNEW.ZS,South Africa,ZAF,0.665138088450972,1.26768480093761,0.44299424184261,0.587823214712017,0.693636934546118,0.948380661450703,0.918420809319814,0.602950810668738,0.609023981800373,1.29313627636078,2.25504182608132,..,..,..,..,..
Renewable electricity output (% of total electricity output),EG.ELC.RNEW.ZS,South Sudan,SSD,0,0,0,0,0,0,0,0.449438202247191,0.423728813559322,0.409836065573771,0.606060606060606,..,..,..,..,..
Renewable electricity output (% of total electricity output),EG.ELC.RNEW.ZS,Spain,ESP,14.6013923197844,17.6428199281418,19.3093006536597,19.9830856202046,25.3812498072766,32.7755430410298,30.0216442049442,29.5847480115125,39.5835776084137,40.1052558838185,34.949890565603,..,..,..,..,..
Renewable electricity output (% of total electricity output),EG.ELC.RNEW.ZS,Sri Lanka,LKA,37.2265122265122,49,40.0666599333401,41.5392303848076,39.2950130182255,53.1154522729377,40.847486704409,29.2412402319133,59.8769026033436,39.2023112109783,48.4751934456076,..,..,..,..,..
Renewable electricity output (% of total electricity output),EG.ELC.RNEW.ZS,St. Kitts and Nevis,KNA,0,0,0,0,0,2.63279445727483,2.47191011235955,3.58126721763085,4.09090909090909,4.65431540894713,4.5716822015091,..,..,..,..,..
Renewable electricity output (% of total electricity output),EG.ELC.RNEW.ZS,St. Lucia,LCA,0,0,0,0,0,0,0,0,0,0,0,..,..,..,..,..
Renewable electricity output (% of total electricity output),EG.ELC.RNEW.ZS,St. Martin (French part),MAF,0,0,0,0,0,0,0,0,0,0,0,..,..,..,..,..
Renewable electricity output (% of total electricity output),EG.ELC.RNEW.ZS,St. Vincent and the Grenadines,VCT,19.3621867881549,17.2747580044676,16.0878809355067,17.0258620689655,18.3544303797468,17.5,21.3734142305571,17.9804372842348,17.9856115107914,15.8750317500635,15.6626506024096,..,..,..,..,..
Renewable electricity output (% of total electricity output),EG.ELC.RNEW.ZS,Sudan,SDN,32.9587036069002,30.3030303030303,28.8986257717586,26.5710134398838,49.7303959328301,82.7043605814109,76.4872856298048,70.1462484103434,80.853753403345,78.3491561181435,64.5359086380011,..,..,..,..,..
Renewable electricity output (% of total electricity output),EG.ELC.RNEW.ZS,Suriname,SUR,52.7009222661397,66.883963494133,74.1479099678457,77.9454439930354,76.7816091954023,70.1856148491879,60.6355715017939,63.2352941176471,59.9358974358974,62.3394495412844,60.0531443755536,..,..,..,..,..
Renewable electricity output (% of total electricity output),EG.ELC.RNEW.ZS,Sweden,SWE,51.2941622201875,49.6007984031936,52.0269044435336,54.309045058508,58.4199584199584,55.3017647851273,55.9446004765264,59.0677497656757,54.0334964811051,55.8376857652682,63.2627477135323,..,..,..,..,..
Renewable electricity output (% of total electricity output),EG.ELC.RNEW.ZS,Switzerland,CHE,55.8583813528526,51.7268572164285,54.9060040036725,55.6790381287666,55.5442232987866,56.7295464179737,54.0929907136497,59.4746110948048,59.1938300349243,58.0154631822202,62.1979817540887,..,..,..,..,..
Renewable electricity output (% of total electricity output),EG.ELC.RNEW.ZS,Syrian Arab Republic,SYR,12.3801345355661,10.5812300512298,9.00056932870969,6.99363771542793,4.3086727625381,5.58464223385689,7.84280936454849,9.22800615770568,12.0317638565814,11.1074191864053,2.30971422179968,..,..,..,..,..
Renewable electricity output (% of total electricity output),EG.ELC.RNEW.ZS,Tajikistan,TJK,99.2802808660035,98.6182462356067,97.8278266834343,97.8509939926921,98.6535955823044,99.7870398539702,99.7659810321468,99.5640391186521,99.7429155711364,99.0286546867411,98.4733714019345,..,..,..,..,..
Renewable electricity output (% of total electricity output),EG.ELC.RNEW.ZS,Tanzania,TZA,50.014064697609,41.6763341067285,60.3728489483748,60.4237867395762,55.7899177388737,51.6875237011756,39.7997251129001,32.1882268742172,29.5068170341693,42.2897571956906,34.154090548054,..,..,..,..,..
Renewable electricity output (% of total electricity output),EG.ELC.RNEW.ZS,Thailand,THA,5.54475517598735,6.91715558374537,6.91389194995048,6.59788639724336,6.89717913123172,5.60988453003348,8.04790019937048,8.39087073264288,8.27793001871879,8.51453474894525,8.53847884788479,..,..,..,..,..
Renewable electricity output (% of total electricity output),EG.ELC.RNEW.ZS,Timor-Leste,TLS,0,0,0,0,0,0,0,0,0,0,0,..,..,..,..,..
Renewable electricity output (% of total electricity output),EG.ELC.RNEW.ZS,Togo,TGO,40.2116402116402,42.5339366515837,52.0408163265306,75.609756097561,75,54.1899441340782,86.71875,84.6846846846847,81.7204301075269,86.2068965517241,75.3086419753086,..,..,..,..,..
Renewable electricity output (% of total electricity output),EG.ELC.RNEW.ZS,Tonga,TON,0,0,0,0,0,0,0,0,3.84521598859565,4.57836183354411,5.90740907860301,..,..,..,..,..
Renewable electricity output (% of total electricity output),EG.ELC.RNEW.ZS,Trinidad and Tobago,TTO,0.311703032020402,0.62586926286509,0.247524752475248,0.258698745311085,0.24225423944919,0,0,0,0,0,0,..,..,..,..,..
Renewable electricity output (% of total electricity output),EG.ELC.RNEW.ZS,Tunisia,TUN,1.47697654213727,0.995329607227624,0.669626610379212,0.480401030425399,1.1539470233412,1.16051795748839,1.00018185124568,1.72194230662754,2.33393177737881,3.06202155913139,2.83594226468794,..,..,..,..,..
Renewable electricity output (% of total electricity output),EG.ELC.RNEW.ZS,Turkey,TUR,24.5424683247302,25.2536883362923,19.031833700498,17.3477204689091,19.5783627291953,26.3777887201242,25.3268408364684,27.2305174199152,28.8231717980962,20.8871937546386,31.9566205597766,..,..,..,..,..
Renewable electricity output (% of total electricity output),EG.ELC.RNEW.ZS,Turkmenistan,TKM,0,0,0,0,0,0,0,0,0,0,0,..,..,..,..,..
Renewable electricity output (% of total electricity output),EG.ELC.RNEW.ZS,Turks and Caicos Islands,TCA,0,0,0,0,0,0,0,0,0,0,0,..,..,..,..,..
Renewable electricity output (% of total electricity output),EG.ELC.RNEW.ZS,Tuvalu,TUV,0,0,0,0,0,0,0,0,0,0,28.169014084507,..,..,..,..,..
Renewable electricity output (% of total electricity output),EG.ELC.RNEW.ZS,Uganda,UGA,96.3849016480595,76.6707920792079,72.2990271377368,70.8343492465987,59.6059339548983,54.8434382507431,61.1123705886798,87.0001719099192,96.267673662949,91.3589635262639,92.9505269826643,..,..,..,..,..
Renewable electricity output (% of total electricity output),EG.ELC.RNEW.ZS,Ukraine,UKR,6.67032429146967,6.68674605269286,5.39360308992056,6.13803703280612,6.97965084466562,7.09163895185036,5.74512177606336,5.66335455704945,7.80099738779387,5.58703118560242,4.38164680336566,..,..,..,..,..
Renewable electricity output (% of total electricity output),EG.ELC.RNEW.ZS,United Arab Emirates,ARE,0,0,0,0,0,0,0,0,0.0941424563649715,0.258307016339421,0.23240111175667,..,..,..,..,..
Renewable electricity output (% of total electricity output),EG.ELC.RNEW.ZS,United Kingdom,GBR,4.28348161223592,4.60208931703226,5.01029338042756,5.67705220486968,6.76680846273229,6.81281342640788,9.48905310077413,11.423960176561,14.988480137732,19.2628536831965,24.8400504227664,..,..,..,..,..
Renewable electricity output (% of total electricity output),EG.ELC.RNEW.ZS,United States,USA,8.57846553445898,9.24463118340514,8.36776393615508,9.00354134718557,10.2918450711157,10.1203551472397,12.2257135163932,12.0073970634651,12.6379191222813,12.9538270902926,13.2285932109672,..,..,..,..,..
Renewable electricity output (% of total electricity output),EG.ELC.RNEW.ZS,Uruguay,URY,87.5032543608435,64.87448816094,87.0570761722894,60.9077431862242,68.7380173677681,87.6216462028195,72.0417633410673,61.7438897801265,80.8523409363745,90.7260852862082,88.5589519650655,..,..,..,..,..
Renewable electricity output (% of total electricity output),EG.ELC.RNEW.ZS,Uzbekistan,UZB,17.5406504065041,17.9890023566379,13.0745658835546,22.995951417004,18.6786786786787,20.9787234042553,19.5419847328244,21.352380952381,21.3284132841328,21.3537906137184,20.6529329608939,..,..,..,..,..
Renewable electricity output (% of total electricity output),EG.ELC.RNEW.ZS,Vanuatu,VUT,3.00360432519023,3.00353356890459,3.00230946882217,18.989369448085,18.989369448085,19.1180736872643,15.9168018881841,15.3674832962138,15.0664697193501,15.3153153153153,21.259842519685,..,..,..,..,..
Renewable electricity output (% of total electricity output),EG.ELC.RNEW.ZS,"Venezuela, RB",VEN,73.2834206331132,73.8983173642933,72.7222582170312,72.7939512309614,71.8866031108881,67.4900013185075,70.9302227007231,67.411407856773,67.8345241961676,68.2627042346144,63.6950420954163,..,..,..,..,..
Renewable electricity output (% of total electricity output),EG.ELC.RNEW.ZS,Vietnam,VNM,31.6739973162368,33.8435852082059,34.4943887297039,35.4814976292986,36.1322512774271,29.1402800754455,39.460181412868,45.0192189944894,41.6620020151295,42.9814065130943,36.7320576972006,..,..,..,..,..
Renewable electricity output (% of total electricity output),EG.ELC.RNEW.ZS,Virgin Islands (U.S.),VIR,0,0,0,0,0,0,0.341455794736528,0.971550609305404,1.65019906268405,2.75500234732849,3.8775254109675,..,..,..,..,..
Renewable electricity output (% of total electricity output),EG.ELC.RNEW.ZS,West Bank and Gaza,PSE,0,0,0,0,0,0,0,0,0,0,0,..,..,..,..,..
Renewable electricity output (% of total electricity output),EG.ELC.RNEW.ZS,"Yemen, Rep.",YEM,0,0,0,0,0,0,0,0,0,0,0,..,..,..,..,..
Renewable electricity output (% of total electricity output),EG.ELC.RNEW.ZS,Zambia,ZMB,99.4068934646374,99.8657302210287,99.8755573991496,99.8741346758968,99.8787021126049,99.8755742725881,99.8695425291355,99.8544631306598,99.8571428571429,97.1630224190423,96.993823945234,..,..,..,..,..
Renewable electricity output (% of total electricity output),EG.ELC.RNEW.ZS,Zimbabwe,ZWE,52.432259441007,67.8831201404565,71.573137074517,75.8950819672131,75.6412014812783,68.0092325447201,57.8559027777778,60.393349994567,53.9393939393939,55.605425892679,52.724276444536,..,..,..,..,..
Renewable electricity output (% of total electricity output),EG.ELC.RNEW.ZS,Arab World,ARB,4.47443992179813,4.11949398886756,4.15021671475071,3.36273904985168,3.32848576738529,3.85400991246685,3.54976563509352,3.48121852231759,3.77038496124868,3.2780734203655,2.92070168610513,..,..,..,..,..
Renewable electricity output (% of total electricity output),EG.ELC.RNEW.ZS,Caribbean small states,CSS,5.76381857127903,7.42794146469437,8.15685914745177,9.73225171822433,9.79124688088502,9.29089520670521,9.13645551569962,9.40062120938693,9.24950836827249,9.26923353304161,8.91477955359129,..,..,..,..,..
Renewable electricity output (% of total electricity output),EG.ELC.RNEW.ZS,Central Europe and the Baltics,CEB,11.3215735053697,10.6279704509289,9.69757193829846,10.8732079310875,12.6978543422933,15.2232589522177,13.1919756772079,14.9657421750934,17.9448105342192,20.5025605031294,20.2528514083871,..,..,..,..,..
Renewable electricity output (% of total electricity output),EG.ELC.RNEW.ZS,Early-demographic dividend,EAR,20.2371899436326,20.7274325395761,19.5035719697194,19.0164226410079,18.269336224239,18.7564025627965,19.105243979483,18.4072087708038,19.0664207626243,18.2713436020664,18.1048615435489,..,..,..,..,..
Renewable electricity output (% of total electricity output),EG.ELC.RNEW.ZS,East Asia & Pacific,EAS,12.6581199340564,12.865623917551,12.563212589351,14.2048882352205,14.5137986533092,15.2059089464054,14.6694070371852,16.8256029847949,17.4333175771315,19.3014921760392,20.4124662224537,..,..,..,..,..
Renewable electricity output (% of total electricity output),EG.ELC.RNEW.ZS,East Asia & Pacific (excluding high income),EAP,16.3989444973853,15.9951564352544,15.6604949201145,17.8942739273692,17.9609509542532,18.4175153022779,17.0527521212083,19.9749035080109,20.2634934494838,22.309624612776,23.3950163445922,..,..,..,..,..
Renewable electricity output (% of total electricity output),EG.ELC.RNEW.ZS,East Asia & Pacific (IDA & IBRD countries),TEA,16.0837963406284,15.7270534845945,15.400806885422,17.6477956641099,17.7589283450835,18.2230833555545,16.8681586260816,19.8056651073016,20.0990688408502,22.1704367701981,23.2937330315463,..,..,..,..,..
Renewable electricity output (% of total electricity output),EG.ELC.RNEW.ZS,Euro area,EMU,13.5149794029527,14.8313764435402,15.8279436776563,17.2412213980982,19.3754612532147,21.2767408085864,21.5052175895903,24.2670151241074,27.8493233025013,29.2429528736913,28.718468796329,..,..,..,..,..
Renewable electricity output (% of total electricity output),EG.ELC.RNEW.ZS,Europe & Central Asia,ECS,18.6114654280636,18.4815350597215,18.9483434847081,19.6366997741949,21.3145144109923,22.2857019912314,22.1169473410205,24.2305344289319,26.4238320033338,27.1158847985578,28.020176437837,..,..,..,..,..
Renewable electricity output (% of total electricity output),EG.ELC.RNEW.ZS,Europe & Central Asia (excluding high income),ECA,19.074974136707,18.4378999793259,17.2394011553054,16.2563496356104,17.9908610853496,18.5527642727545,17.2559082455186,17.4439054435806,19.1457947409382,17.4732331191995,18.6180188378284,..,..,..,..,..
Renewable electricity output (% of total electricity output),EG.ELC.RNEW.ZS,Europe & Central Asia (IDA & IBRD countries),TEC,18.4168846251185,17.7083950349989,16.5359474823208,15.8558575457202,17.564467710797,18.4234439113138,16.9680319894397,17.2915104694261,19.2024637261095,18.1949914816546,19.1488620739772,..,..,..,..,..
Renewable electricity output (% of total electricity output),EG.ELC.RNEW.ZS,European Union,EUU,15.3308503795329,15.8947514248105,16.790321909393,18.2195961103901,20.2725682735875,22.1055537338523,22.1584890503021,25.0092075278919,27.904969647875,29.5794663230103,29.7153524985896,..,..,..,..,..
Renewable electricity output (% of total electricity output),EG.ELC.RNEW.ZS,Fragile and conflict affected situations,FCS,46.3932460980465,46.0731579789784,45.2514477893859,43.4498109712594,42.9690273179497,39.7480087180144,41.6065185769333,41.2385282125878,40.7068355236295,39.792174090136,38.4408484818083,..,..,..,..,..
Renewable electricity output (% of total electricity output),EG.ELC.RNEW.ZS,Heavily indebted poor countries (HIPC),HPC,68.7581750866846,67.0388557255262,65.8691433453773,66.4884072985153,68.4586710593504,69.2081894479672,68.1845271117751,67.2814271281391,67.6719938781664,67.0482605538032,63.4212917803424,..,..,..,..,..
Renewable electricity output (% of total electricity output),EG.ELC.RNEW.ZS,High income,HIC,14.3416865580237,14.6102501776586,14.5585883131415,15.3642122577102,16.4192635793274,16.5568586700247,17.7863386131129,18.6826801824766,19.9104687621696,20.720177576585,21.2577426543308,..,..,..,..,..
Renewable electricity output (% of total electricity output),EG.ELC.RNEW.ZS,IBRD only,IBD,22.2898148886112,21.8800693884581,21.1922715047504,21.5825844222614,21.9101329402024,22.0959286354888,21.2658969912682,22.2348452897911,22.6252487970845,23.3054990272703,23.6809578985987,..,..,..,..,..
Renewable electricity output (% of total electricity output),EG.ELC.RNEW.ZS,IDA & IBRD total,IBT,23.2749896729201,22.8244611753396,22.0674884072823,22.4343596074842,22.7152163926483,22.9355035712392,22.1003864094556,23.0402244408489,23.4192747148235,24.079458918761,24.4305355547567,..,..,..,..,..
Renewable electricity output (% of total electricity output),EG.ELC.RNEW.ZS,IDA blend,IDB,32.3395823092693,32.2344950382518,29.8722861949174,32.666376428598,30.1136078728258,33.1927293579611,30.4888261946759,31.6415581907042,31.0129782629991,31.5369661545336,31.6052727855271,..,..,..,..,..
Renewable electricity output (% of total electricity output),EG.ELC.RNEW.ZS,IDA only,IDX,51.039734722244,49.5586104446465,49.1206958761863,47.4343311262226,48.0096176732345,48.1312774635432,49.952506165163,50.2666951618968,51.9448346718495,52.0128548037486,50.5805933423373,..,..,..,..,..
Renewable electricity output (% of total electricity output),EG.ELC.RNEW.ZS,IDA total,IDA,41.7987062605831,41.1529524249386,40.1254482864679,40.708542044017,39.9838786869668,41.4807578454986,41.3807780984688,42.0886151273382,42.5732835709551,42.8299525140837,42.2242202978453,..,..,..,..,..
Renewable electricity output (% of total electricity output),EG.ELC.RNEW.ZS,Late-demographic dividend,LTE,23.2289880672356,22.3349571578462,21.9710448742819,22.7964237131523,23.4183354378653,23.3550921716623,22.2110166942433,23.8323377660687,23.9293220161571,25.2546138320817,25.7983124625381,..,..,..,..,..
Renewable electricity output (% of total electricity output),EG.ELC.RNEW.ZS,Latin America & Caribbean,LCN,57.5863937444415,58.0049271772545,57.4709095124099,56.7326526993991,57.2291190750671,56.4046214332476,57.45282608695,54.8854274497329,53.2331374212369,53.0628403867237,51.7047484880064,..,..,..,..,..
Renewable electricity output (% of total electricity output),EG.ELC.RNEW.ZS,Latin America & Caribbean (excluding high income),LAC,59.6025211181798,60.125044586767,59.8564557256222,59.0014430974698,59.3745764996933,58.6135440964833,59.8711593267263,57.2279155045423,55.2995512377975,54.6220548897377,53.0340684189709,..,..,..,..,..
Renewable electricity output (% of total electricity output),EG.ELC.RNEW.ZS,Latin America & the Caribbean (IDA & IBRD countries),TLA,59.9219061629651,60.3309732724779,59.7249401760475,58.7944215639376,59.3056356498095,58.3403103483383,59.2993361626618,56.6035114893513,54.839090541964,54.6158948979749,53.2443890816753,..,..,..,..,..
Renewable electricity output (% of total electricity output),EG.ELC.RNEW.ZS,Least developed countries: UN classification,LDC,55.0843259445566,54.5036796013987,54.9313483109997,53.2143450851252,54.0605606675956,54.5542045022338,54.8652189251462,52.4942139841087,52.7532711504727,51.9213716391247,52.1691182278835,..,..,..,..,..
Renewable electricity output (% of total electricity output),EG.ELC.RNEW.ZS,Low & middle income,LMY,23.3404649514229,22.924567592582,22.192386325233,22.5454474883491,22.7436211849411,22.9330204349657,22.1561429839998,23.1020769645709,23.4066916700475,23.9390314464598,24.2767294279937,..,..,..,..,..
Renewable electricity output (% of total electricity output),EG.ELC.RNEW.ZS,Low income,LIC,55.6773967643203,53.6876288350305,53.9212044577579,50.9199517224242,50.9418016432278,52.816020134005,56.5635828284578,59.4267660896897,65.5470136843349,66.3265538725699,66.4249164216338,..,..,..,..,..
Renewable electricity output (% of total electricity output),EG.ELC.RNEW.ZS,Lower middle income,LMC,20.0577492764035,20.701354012294,20.2498766115607,20.086319833608,19.5375846115807,19.5358243060406,20.2297967028675,19.6281548711746,20.7021016628295,19.9704397337556,19.1464104046043,..,..,..,..,..
Renewable electricity output (% of total electricity output),EG.ELC.RNEW.ZS,Middle East & North Africa,MEA,5.05519130349569,4.91361872266779,4.79348677923959,2.85276518714934,2.88837906944271,3.22307439152637,3.19549263656622,3.14977744416757,3.41542908312813,2.96179844747117,2.74145613367148,..,..,..,..,..
Renewable electricity output (% of total electricity output),EG.ELC.RNEW.ZS,Middle East & North Africa (excluding high income),MNA,9.12623840997212,8.83734893928228,8.65430373717073,5.19325572032577,5.26767971765606,5.88308485438056,5.82877634920237,5.80779092038977,6.24201228286694,5.40457187805121,5.09202005771151,..,..,..,..,..
Renewable electricity output (% of total electricity output),EG.ELC.RNEW.ZS,Middle East & North Africa (IDA & IBRD countries),TMN,9.13600448743522,8.84344653681716,8.66112162468123,5.19720241741415,5.27221112902061,5.8874904079679,5.83388499730582,5.81175422377858,6.24678322386196,5.40706618297661,5.09551590864519,..,..,..,..,..
Renewable electricity output (% of total electricity output),EG.ELC.RNEW.ZS,Middle income,MIC,22.8173062188679,22.446525534021,21.7169453399338,22.1269889699647,22.3281499360145,22.5078918710007,21.7193318817127,22.6723305275484,22.9576994427334,23.5024416265388,23.8680446301827,..,..,..,..,..
Renewable electricity output (% of total electricity output),EG.ELC.RNEW.ZS,North America,NAC,15.1158680495534,15.4995421647412,14.9365367009115,15.6423875862939,16.9667436756017,16.2898875025261,18.5905590548278,18.6149971504165,19.3999717632444,19.5278029539202,19.9474593980516,..,..,..,..,..
Renewable electricity output (% of total electricity output),EG.ELC.RNEW.ZS,Not classified,INX,..,..,..,..,..,..,..,..,..,..,..,..,..,..,..,..
Renewable electricity output (% of total electricity output),EG.ELC.RNEW.ZS,OECD members,OED,15.4434640027868,15.8560909455259,15.7063717089846,16.6510197492289,17.6716885839731,17.9944231681233,19.4136753245875,20.3931840055906,21.6228565758443,22.4475665191882,23.2611264579918,..,..,..,..,..
Renewable electricity output (% of total electricity output),EG.ELC.RNEW.ZS,Other small states,OSS,22.1046346900917,23.6458951154118,25.1272418354868,28.3504329184727,29.3699887651543,27.9705154405379,26.402199868963,26.1933503306929,26.5339544504794,25.1273505197028,25.8007304968731,..,..,..,..,..
Renewable electricity output (% of total electricity output),EG.ELC.RNEW.ZS,Pacific island small states,PSS,26.9221001190274,27.2043022930104,39.0175559094387,40.3484359239944,37.3632713033695,32.7934970119966,36.1539003174744,41.1156700293433,39.6695475008183,30.854074757135,30.3015624801353,..,..,..,..,..
Renewable electricity output (% of total electricity output),EG.ELC.RNEW.ZS,Post-demographic dividend,PST,14.717390557196,15.0578765299393,14.9788365313008,15.851298012472,17.0251792908545,17.2110351904654,18.5436555674287,19.552752223204,20.9330762674976,21.7232764585168,22.3878543629964,..,..,..,..,..
Renewable electricity output (% of total electricity output),EG.ELC.RNEW.ZS,Pre-demographic dividend,PRE,52.6754196866957,50.7451843762491,51.3234723541271,47.8055448061816,48.1600794246427,46.9904015156845,44.4498956893719,45.9471903793222,43.6474237442908,41.8498525746522,40.5896443789291,..,..,..,..,..
Renewable electricity output (% of total electricity output),EG.ELC.RNEW.ZS,Small states,SST,18.7230303265154,20.4648075322985,22.2775583378662,25.5601160283321,26.3764350776589,25.2621592724495,23.9196272580198,23.9034729822781,24.2021980876553,22.935822540156,23.4181314357759,..,..,..,..,..
Renewable electricity output (% of total electricity output),EG.ELC.RNEW.ZS,South Asia,SAS,18.7766752512987,19.6843276937745,19.6328549396865,18.4171392546856,17.4544928334528,18.1793324598707,18.7197599837294,17.1947641540738,18.8713121096983,17.61823619647,16.8677992619749,..,..,..,..,..
Renewable electricity output (% of total electricity output),EG.ELC.RNEW.ZS,South Asia (IDA & IBRD),TSA,18.7766752512987,19.6843276937745,19.6328549396865,18.4171392546856,17.4544928334528,18.1793324598707,18.7197599837294,17.1947641540738,18.8713121096983,17.61823619647,16.8677992619749,..,..,..,..,..
Renewable electricity output (% of total electricity output),EG.ELC.RNEW.ZS,Sub-Saharan Africa,SSF,21.3080263292781,21.5711899736363,20.6500444151941,21.4477110810271,22.690958189317,23.7329820183804,23.8035518375781,24.0912316955305,24.7640985545461,26.5812407814129,26.6166370237832,..,..,..,..,..
Renewable electricity output (% of total electricity output),EG.ELC.RNEW.ZS,Sub-Saharan Africa (excluding high income),SSA,21.2983190780797,21.5815014683333,20.6533999985278,21.4508979961256,22.7011146298205,23.7468745429715,23.8461409550133,24.1335626151068,24.8114527258192,26.6441777291267,26.6642815962196,..,..,..,..,..
Renewable electricity output (% of total electricity output),EG.ELC.RNEW.ZS,Sub-Saharan Africa (IDA & IBRD countries),TSS,21.3080263292781,21.5711899736363,20.6500444151941,21.4477110810271,22.690958189317,23.7329820183804,23.8035518375781,24.0912316955305,24.7640985545461,26.5812407814129,26.6166370237832,..,..,..,..,..
Renewable electricity output (% of total electricity output),EG.ELC.RNEW.ZS,Upper middle income,UMC,23.5355252687255,22.8900875171641,22.0765749499077,22.6171405484464,23.007373604596,23.2183302774453,22.074680499651,23.4006312540127,23.491993003852,24.3575362732781,25.0498846829506,..,..,..,..,..
Renewable electricity output (% of total electricity output),EG.ELC.RNEW.ZS,World,WLD,17.9750902418552,18.116231987348,17.881396718674,18.5547475858688,19.3341818218483,19.5609975450815,19.9328250152084,20.9015364054271,21.7103458442356,22.4072584526013,22.8544560815979,..,..,..,..,..
,,,,,,,,,,,,,,,,,,,
,,,,,,,,,,,,,,,,,,,
,,,,,,,,,,,,,,,,,,,
Data from database: World Development Indicators,,,,,,,,,,,,,,,,,,,
Last Updated: 02/17/2021,,,,,,,,,,,,,,,,,,,
